"","COMID","wgt"
"1",9049187,131.644461
"2",15444705,511.964212
"3",8969146,131.644461
"4",8968896,131.644461
"5",15445101,131.644461
"6",15445033,121.697539
"7",15444707,511.964212
"8",8969210,121.697539
"9",9049121,511.964212
"10",8968962,121.697539
"11",8970380,139.42735
"12",8969726,511.964212
"13",15444849,511.964212
"14",8969544,131.644461
"15",8968570,139.42735
"16",8969978,121.697539
"17",15444961,121.697539
"18",8969082,121.697539
"19",8969728,131.644461
"20",8969150,121.697539
"21",15444791,511.964212
"22",8968838,139.42735
"23",8969324,131.644461
"24",8969906,121.697539
"25",15444861,131.644461
"26",15444931,121.697539
"27",8968772,121.697539
"28",8969410,139.42735
"29",15445111,511.964212
"30",15444921,511.964212
"31",15445067,139.42735
"32",8969440,131.644461
"33",15444945,131.644461
"34",8969732,121.697539
"35",8968670,131.644461
"36",8968868,139.42735
"37",8969248,131.644461
"38",8969946,121.697539
"39",15445073,139.42735
"40",8969554,121.697539
"41",15445123,131.644461
"42",15444403,139.42735
"43",15444915,139.42735
"44",9049199,139.42735
"45",15444827,511.964212
"46",8968812,139.42735
"47",15445081,131.644461
"48",15444473,139.42735
"49",8969036,121.697539
"50",8969422,511.964212
"51",9498846,41.563091
"52",9498328,200.153314
"53",7732091,200.153314
"54",7737521,3.019247
"55",26432070,41.563091
"56",9499628,200.153314
"57",6240357,36.079334
"58",6241851,41.563091
"59",9496316,200.153314
"60",9496458,200.153314
"61",7737521,3.019247
"62",6240225,36.079334
"63",9496098,200.153314
"64",7732055,41.563091
"65",7737521,3.019247
"66",9509664,200.153314
"67",9498518,200.153314
"68",7733341,3.019247
"69",9509178,41.563091
"70",6240361,41.563091
"71",9496440,36.079334
"72",9496456,41.563091
"73",7737521,3.019247
"74",7732735,41.563091
"75",9496696,41.563091
"76",7732215,36.079334
"77",7737521,3.019247
"78",6241845,41.563091
"79",9499744,200.153314
"80",9499982,200.153314
"81",6241837,200.153314
"82",6240243,200.153314
"83",26432070,41.563091
"84",9509774,41.563091
"85",7737521,3.019247
"86",6240217,200.153314
"87",9496182,200.153314
"88",6240189,41.563091
"89",7732303,36.079334
"90",6241853,36.079334
"91",9498634,200.153314
"92",6241837,200.153314
"93",9494744,200.153314
"94",7737521,3.019247
"95",9496622,36.079334
"96",7733341,3.019247
"97",9496296,41.563091
"98",7732545,200.153314
"99",7737521,3.019247
"100",6241993,36.079334
"101",15512584,211.72562
"102",15512912,227.264112
"103",15513984,180.585824
"104",15517520,180.585824
"105",15514254,180.585824
"106",15516808,227.264112
"107",15514114,227.264112
"108",15511044,180.585824
"109",15512448,754.229896
"110",15510564,227.264112
"111",15513494,754.229896
"112",15510434,180.585824
"113",15513088,227.264112
"114",15510630,227.264112
"115",15513460,227.264112
"116",15512608,754.229896
"117",15513342,227.264112
"118",15517510,754.229896
"119",15510892,227.264112
"120",15510606,754.229896
"121",15513716,754.229896
"122",15510720,227.264112
"123",15513298,180.585824
"124",15513138,227.264112
"125",15514942,211.72562
"126",15513750,754.229896
"127",15513344,754.229896
"128",15512774,227.264112
"129",15521628,211.72562
"130",15517558,754.229896
"131",15513794,754.229896
"132",15510522,754.229896
"133",15514282,754.229896
"134",15511116,211.72562
"135",15517434,754.229896
"136",15510368,180.585824
"137",15510846,180.585824
"138",15514326,227.264112
"139",15521556,180.585824
"140",15513058,211.72562
"141",15514234,227.264112
"142",15515158,211.72562
"143",15512690,180.585824
"144",15521524,211.72562
"145",15514384,754.229896
"146",15513442,754.229896
"147",15513092,227.264112
"148",15515242,211.72562
"149",15513632,227.264112
"150",15514242,754.229896
"151",8118259,144.565574
"152",8118867,125.782515
"153",8117937,144.565574
"154",8110619,469.453749
"155",8118807,124.433486
"156",8110593,125.782515
"157",8118423,125.782515
"158",8118979,144.565574
"159",8117117,144.565574
"160",8110563,469.453749
"161",8117925,144.565574
"162",8118901,124.433486
"163",8110539,469.453749
"164",8110719,124.433486
"165",8119067,125.782515
"166",8110985,125.782515
"167",8118893,144.565574
"168",8119059,125.782515
"169",8110553,469.453749
"170",8117697,124.433486
"171",8117143,469.453749
"172",8110807,469.453749
"173",8118439,125.782515
"174",8118853,144.565574
"175",8110889,124.433486
"176",8110651,469.453749
"177",8117817,469.453749
"178",8118159,469.453749
"179",8117177,144.565574
"180",8110609,469.453749
"181",8118457,125.782515
"182",8119185,144.565574
"183",8117341,144.565574
"184",8110571,124.433486
"185",8118423,125.782515
"186",8118945,125.782515
"187",8110923,469.453749
"188",8110919,125.782515
"189",8117727,469.453749
"190",8118307,469.453749
"191",8121467,124.433486
"192",8118001,469.453749
"193",8118815,125.782515
"194",8117805,124.433486
"195",8110903,144.565574
"196",8117793,124.433486
"197",8118963,469.453749
"198",8118097,144.565574
"199",8119245,125.782515
"200",8118243,125.782515
"201",2617552,139.402544
"202",2613640,600.086504
"203",1748561,196.218209
"204",4147570,196.218209
"205",2617554,165.37573
"206",2614040,600.086504
"207",2615112,196.218209
"208",1750437,165.37573
"209",4147774,600.086504
"210",2613628,196.218209
"211",2617430,165.37573
"212",1750383,600.086504
"213",4147796,600.086504
"214",2617358,165.37573
"215",2616720,196.218209
"216",1748541,196.218209
"217",2613574,600.086504
"218",4147634,165.37573
"219",2613734,600.086504
"220",1750595,600.086504
"221",4147812,196.218209
"222",1749387,600.086504
"223",2615066,600.086504
"224",1750423,196.218209
"225",2613650,600.086504
"226",1752145,165.37573
"227",4147966,600.086504
"228",2612934,196.218209
"229",4147724,600.086504
"230",2613926,196.218209
"231",4147552,139.402544
"232",1748725,196.218209
"233",4150574,600.086504
"234",2613372,600.086504
"235",1750505,196.218209
"236",1748543,196.218209
"237",1749235,600.086504
"238",1749261,165.37573
"239",1748635,196.218209
"240",2612812,600.086504
"241",4147860,196.218209
"242",2615160,139.402544
"243",4150050,600.086504
"244",1750485,600.086504
"245",4149976,600.086504
"246",2617384,165.37573
"247",2613416,600.086504
"248",4147366,196.218209
"249",4147616,600.086504
"250",2612926,600.086504
"251",15537211,707.634706
"252",15547417,707.634706
"253",15549637,178.773777
"254",15540149,707.634706
"255",15540247,707.634706
"256",15539791,707.634706
"257",15541561,178.773777
"258",15539103,278.770526
"259",15547837,707.634706
"260",15538959,278.770526
"261",15551291,281.232903
"262",15550177,707.634706
"263",15539893,278.770526
"264",15539641,707.634706
"265",15539363,278.770526
"266",15550809,178.773777
"267",15540157,707.634706
"268",15538551,278.770526
"269",15538951,707.634706
"270",15537809,278.770526
"271",15548217,278.770526
"272",15539059,278.770526
"273",15549303,707.634706
"274",15550127,707.634706
"275",15547489,178.773777
"276",15540155,278.770526
"277",15541249,281.232903
"278",15550999,278.770526
"279",15537329,707.634706
"280",15539541,707.634706
"281",15547329,278.770526
"282",15539087,278.770526
"283",15547937,707.634706
"284",15539073,278.770526
"285",15547767,178.773777
"286",15550197,178.773777
"287",15539375,281.232903
"288",15550005,178.773777
"289",15539291,707.634706
"290",15551285,281.232903
"291",15539983,707.634706
"292",15548195,707.634706
"293",15547783,278.770526
"294",15549459,281.232903
"295",15548189,281.232903
"296",15550693,278.770526
"297",15547337,707.634706
"298",15541411,281.232903
"299",15539623,178.773777
"300",15551225,281.232903
"301",7711894,22.388769
"302",7712572,22.388769
"303",900510083,73.129149
"304",7712660,19.617995
"305",7710188,73.129149
"306",7712510,22.388769
"307",7711996,22.388769
"308",7713718,19.617995
"309",7712390,27.767799
"310",7712190,22.388769
"311",7713740,22.388769
"312",7712768,27.767799
"313",7712252,19.617995
"314",7712300,19.617995
"315",7712722,22.388769
"316",7713688,27.767799
"317",7712506,27.767799
"318",7712650,27.767799
"319",7712470,73.129149
"320",7713718,19.617995
"321",7712334,19.617995
"322",7713512,22.388769
"323",7713740,22.388769
"324",7712768,27.767799
"325",7712300,19.617995
"326",7712252,19.617995
"327",7712818,19.617995
"328",7712894,73.129149
"329",7711996,22.388769
"330",7712510,22.388769
"331",7712026,22.388769
"332",7713718,19.617995
"333",7712432,22.388769
"334",7712284,19.617995
"335",7712140,27.767799
"336",7712868,22.388769
"337",7712040,73.129149
"338",7712768,27.767799
"339",7712180,22.388769
"340",7713690,19.617995
"341",7710206,22.388769
"342",7711996,22.388769
"343",7712388,73.129149
"344",7712266,73.129149
"345",7712334,19.617995
"346",7713038,73.129149
"347",7712572,22.388769
"348",7712238,73.129149
"349",7713684,27.767799
"350",7712622,73.129149
"351",9521329,178.93402
"352",9521459,106.297647
"353",9528335,154.322491
"354",9529631,178.93402
"355",9521467,106.297647
"356",10312496,178.93402
"357",9527425,106.297647
"358",9524359,543.480097
"359",9521333,543.480097
"360",10311366,178.93402
"361",9528019,178.93402
"362",9524279,543.480097
"363",9521459,106.297647
"364",9528113,178.93402
"365",9528115,543.480097
"366",10312666,106.297647
"367",10313564,178.93402
"368",9524631,178.93402
"369",10312384,543.480097
"370",9528285,178.93402
"371",9521339,543.480097
"372",10312600,154.322491
"373",9528305,154.322491
"374",9527389,543.480097
"375",9527383,178.93402
"376",9528159,154.322491
"377",9524475,543.480097
"378",10313392,154.322491
"379",25825671,543.480097
"380",10313546,543.480097
"381",9528597,106.297647
"382",9524633,178.93402
"383",9521355,543.480097
"384",10312296,178.93402
"385",9528277,154.322491
"386",9521255,154.322491
"387",9528235,543.480097
"388",10312694,154.322491
"389",9528225,178.93402
"390",10312694,154.322491
"391",9521095,178.93402
"392",9527929,178.93402
"393",9521325,106.297647
"394",9528289,543.480097
"395",9521453,106.297647
"396",9528127,154.322491
"397",9527325,178.93402
"398",9528173,178.93402
"399",9524369,106.297647
"400",10313456,178.93402
"401",15561157,356.266112
"402",21633877,910.363377
"403",21622449,444.979709
"404",21623435,356.266112
"405",15558669,910.363377
"406",21631963,910.363377
"407",15560239,356.266112
"408",21622603,444.979709
"409",15558265,444.979709
"410",21633543,444.979709
"411",15559477,248.102172
"412",15506506,910.363377
"413",15558695,444.979709
"414",21625527,444.979709
"415",21623465,444.979709
"416",21621759,444.979709
"417",21632897,444.979709
"418",21623213,356.266112
"419",21631787,444.979709
"420",15504572,910.363377
"421",15558179,444.979709
"422",21625643,248.102172
"423",15505114,910.363377
"424",15504628,356.266112
"425",15558277,356.266112
"426",21625529,444.979709
"427",21621899,356.266112
"428",21622231,910.363377
"429",21633435,248.102172
"430",21631725,356.266112
"431",15561203,248.102172
"432",21621727,248.102172
"433",15561181,248.102172
"434",21631643,356.266112
"435",15560829,910.363377
"436",15505094,910.363377
"437",21623803,356.266112
"438",21621871,910.363377
"439",21624115,248.102172
"440",21622643,910.363377
"441",21633531,356.266112
"442",15559781,444.979709
"443",15558109,910.363377
"444",15559787,248.102172
"445",21633071,444.979709
"446",21622583,910.363377
"447",21633799,248.102172
"448",21624799,444.979709
"449",21623501,356.266112
"450",21621911,910.363377
"451",6240345,1400.852961
"452",6188680,410.589647
"453",6212784,459.68397
"454",6185884,502.509608
"455",6230332,410.589647
"456",6188374,502.509608
"457",6217514,1400.852961
"458",6199854,1400.852961
"459",6211544,502.509608
"460",6211790,410.589647
"461",6215708,410.589647
"462",6201874,410.589647
"463",6211644,410.589647
"464",6227760,1400.852961
"465",6188232,502.509608
"466",6202588,459.68397
"467",6193926,410.589647
"468",6189556,410.589647
"469",6211982,502.509608
"470",6200034,502.509608
"471",6189014,502.509608
"472",6227362,410.589647
"473",6186074,502.509608
"474",6200090,502.509608
"475",6188778,1400.852961
"476",6212532,1400.852961
"477",6186216,459.68397
"478",6187208,502.509608
"479",6227898,1400.852961
"480",6189156,459.68397
"481",6200406,502.509608
"482",6189632,502.509608
"483",6231874,459.68397
"484",6224170,502.509608
"485",6217724,410.589647
"486",6199984,410.589647
"487",6227482,410.589647
"488",6200158,1400.852961
"489",6200248,1400.852961
"490",6187112,410.589647
"491",6229278,459.68397
"492",6200134,1400.852961
"493",6188730,502.509608
"494",6216016,1400.852961
"495",6191738,410.589647
"496",6188196,1400.852961
"497",6188968,459.68397
"498",6211878,1400.852961
"499",6189048,502.509608
"500",6186744,502.509608
"501",22740625,421.957473
"502",3246728,1415.879209
"503",22741005,421.957473
"504",22741597,323.496054
"505",3246096,323.496054
"506",3247582,421.957473
"507",22743625,1415.879209
"508",22745199,421.957473
"509",22745049,1415.879209
"510",22740369,300.983114
"511",22742779,300.983114
"512",22752131,323.496054
"513",3246862,1415.879209
"514",22739963,1415.879209
"515",3245934,300.983114
"516",22743199,421.957473
"517",3246800,1415.879209
"518",22740863,323.496054
"519",3247486,421.957473
"520",22746357,1415.879209
"521",3246244,421.957473
"522",22740505,421.957473
"523",22745491,421.957473
"524",22742947,1415.879209
"525",22740687,421.957473
"526",22739993,300.983114
"527",22740721,421.957473
"528",22743697,1415.879209
"529",22744315,323.496054
"530",3246342,1415.879209
"531",22742297,1415.879209
"532",22740851,421.957473
"533",22745517,421.957473
"534",22742231,1415.879209
"535",22739851,421.957473
"536",22751717,300.983114
"537",22740337,421.957473
"538",22743305,1415.879209
"539",22739579,323.496054
"540",22743849,323.496054
"541",3245808,1415.879209
"542",22742389,1415.879209
"543",22745979,323.496054
"544",22742847,1415.879209
"545",22744719,421.957473
"546",22745469,300.983114
"547",22745379,421.957473
"548",22740989,1415.879209
"549",22741111,421.957473
"550",22742763,323.496054
"551",15567387,268.270096
"552",15575189,238.708187
"553",15582177,385.747737
"554",15574997,247.032005
"555",15567959,268.270096
"556",15575641,238.708187
"557",15567933,268.270096
"558",15576103,247.032005
"559",15569747,268.270096
"560",9840112,385.747737
"561",15567453,385.747737
"562",15582313,247.032005
"563",15569255,238.708187
"564",9840076,385.747737
"565",15575299,385.747737
"566",15582231,247.032005
"567",15575439,247.032005
"568",15569647,238.708187
"569",15576693,238.708187
"570",15575777,247.032005
"571",15576275,238.708187
"572",15582563,385.747737
"573",15574903,247.032005
"574",15581629,238.708187
"575",15576373,385.747737
"576",9840056,385.747737
"577",15581267,268.270096
"578",15581209,385.747737
"579",15567387,268.270096
"580",15576069,247.032005
"581",15568093,385.747737
"582",15575321,238.708187
"583",15569077,238.708187
"584",9840262,385.747737
"585",15567813,385.747737
"586",15582505,238.708187
"587",15582401,238.708187
"588",15582283,385.747737
"589",15581849,238.708187
"590",9840266,238.708187
"591",15567969,238.708187
"592",15567365,268.270096
"593",15569149,385.747737
"594",15567755,268.270096
"595",15569203,268.270096
"596",15576351,385.747737
"597",15576327,247.032005
"598",15581641,247.032005
"599",15581173,385.747737
"600",9840276,385.747737
"601",22024116,471.747729
"602",21977437,603.405917
"603",21983105,603.405917
"604",21976155,2105.026505
"605",22024154,603.405917
"606",21977699,603.405917
"607",21983355,471.747729
"608",21982173,603.405917
"609",22023176,2105.026505
"610",21977071,471.747729
"611",21983085,2105.026505
"612",22026522,471.747729
"613",22025486,603.405917
"614",21981687,2105.026505
"615",21977059,603.405917
"616",21972840,434.199451
"617",21978145,603.405917
"618",21974409,471.747729
"619",21979745,434.199451
"620",21978647,603.405917
"621",22023094,471.747729
"622",21974335,434.199451
"623",21978571,2105.026505
"624",22027386,603.405917
"625",22024502,603.405917
"626",21982275,434.199451
"627",21981241,2105.026505
"628",21972796,434.199451
"629",22022094,603.405917
"630",21977525,471.747729
"631",21983745,434.199451
"632",21981163,471.747729
"633",22023778,434.199451
"634",21974049,2105.026505
"635",21983257,2105.026505
"636",22024300,471.747729
"637",21978203,471.747729
"638",21977463,434.199451
"639",21981595,434.199451
"640",22026134,603.405917
"641",22023576,2105.026505
"642",21982923,2105.026505
"643",22023076,2105.026505
"644",21978999,603.405917
"645",22025728,471.747729
"646",21976081,2105.026505
"647",21980863,2105.026505
"648",21979517,603.405917
"649",21981465,603.405917
"650",21972746,434.199451
"651",6245494,13.982374
"652",6245438,9.594723
"653",6245228,66.912786
"654",6245418,22.926343
"655",6245602,9.594723
"656",6245384,9.594723
"657",6246292,9.594723
"658",6245256,22.926343
"659",6245916,66.912786
"660",6245344,9.594723
"661",6245340,66.912786
"662",6245212,13.982374
"663",6245892,22.926343
"664",6245392,66.912786
"665",6245356,66.912786
"666",6244318,22.926343
"667",6245396,9.594723
"668",6244258,22.926343
"669",6245332,22.926343
"670",6245264,13.982374
"671",6245682,66.912786
"672",6245344,9.594723
"673",6245340,66.912786
"674",6245210,13.982374
"675",6245588,22.926343
"676",6245220,22.926343
"677",6245578,66.912786
"678",6244334,13.982374
"679",6245520,66.912786
"680",6245382,66.912786
"681",6246292,9.594723
"682",6244290,66.912786
"683",6245456,22.926343
"684",6245312,22.926343
"685",6246308,22.926343
"686",6230330,66.912786
"687",6245302,9.594723
"688",6245182,66.912786
"689",6245242,13.982374
"690",6244332,13.982374
"691",6245602,9.594723
"692",6246292,9.594723
"693",6245458,9.594723
"694",6245480,13.982374
"695",6245688,66.912786
"696",6245450,66.912786
"697",6246310,22.926343
"698",6245270,13.982374
"699",6244252,13.982374
"700",6244474,13.982374
"701",25517348,576.942342
"702",15465075,607.526017
"703",15469361,550.240877
"704",15484117,576.942342
"705",15455050,550.240877
"706",15455260,576.942342
"707",15484355,1192.023213
"708",15476951,550.240877
"709",15448828,607.526017
"710",15467549,607.526017
"711",15492244,576.942342
"712",15478855,576.942342
"713",25293246,607.526017
"714",15467649,607.526017
"715",15489740,1192.023213
"716",25515866,576.942342
"717",15475691,607.526017
"718",15489098,607.526017
"719",15458154,607.526017
"720",15477297,576.942342
"721",15449508,576.942342
"722",15467639,607.526017
"723",15484757,550.240877
"724",15491250,607.526017
"725",15476223,607.526017
"726",15458324,1192.023213
"727",15503009,576.942342
"728",25516766,1192.023213
"729",15456620,550.240877
"730",15455540,576.942342
"731",15502259,576.942342
"732",15478925,550.240877
"733",15455902,1192.023213
"734",15458602,1192.023213
"735",15484229,1192.023213
"736",15492634,607.526017
"737",15467415,1192.023213
"738",15479217,550.240877
"739",15489816,576.942342
"740",15476851,576.942342
"741",15449820,550.240877
"742",15484313,576.942342
"743",15448788,550.240877
"744",15492756,550.240877
"745",15450278,576.942342
"746",15494274,550.240877
"747",15476207,607.526017
"748",15469097,576.942342
"749",15491370,550.240877
"750",15475965,576.942342
"751",8101243,1839.429001
"752",8084197,442.46183
"753",9420219,427.186066
"754",9423355,1839.429001
"755",8102745,559.609903
"756",8083543,1839.429001
"757",8086793,427.186066
"758",9420301,559.609903
"759",8102521,442.46183
"760",8083769,559.609903
"761",8086431,1839.429001
"762",9423515,427.186066
"763",9421935,559.609903
"764",8085729,1839.429001
"765",9420381,559.609903
"766",8088171,442.46183
"767",8083777,559.609903
"768",9423097,559.609903
"769",8085205,1839.429001
"770",9420567,427.186066
"771",8101755,1839.429001
"772",8085397,427.186066
"773",8085459,559.609903
"774",8102913,442.46183
"775",8100671,1839.429001
"776",9420933,1839.429001
"777",9423855,442.46183
"778",8101341,427.186066
"779",8100833,427.186066
"780",8084041,427.186066
"781",8086597,559.609903
"782",9423065,427.186066
"783",8102231,427.186066
"784",8085097,559.609903
"785",8086415,1839.429001
"786",8093073,442.46183
"787",8085167,1839.429001
"788",8100065,442.46183
"789",9420905,427.186066
"790",9424041,442.46183
"791",8102779,442.46183
"792",8086697,442.46183
"793",8101965,442.46183
"794",8086509,442.46183
"795",9421995,559.609903
"796",9420547,427.186066
"797",8102667,1839.429001
"798",9419879,1839.429001
"799",9420791,559.609903
"800",8087715,1839.429001
"801",22304137,206.996183
"802",22296000,316.261658
"803",22303319,206.996183
"804",22307211,306.635056
"805",22305907,1021.892696
"806",22295702,1021.892696
"807",22304859,306.635056
"808",22288297,306.635056
"809",22306591,306.635056
"810",22297294,306.635056
"811",22296946,1021.892696
"812",22290491,306.635056
"813",22306039,206.996183
"814",22296290,316.261658
"815",22287983,316.261658
"816",22290307,306.635056
"817",22296002,306.635056
"818",22288467,306.635056
"819",22306111,1021.892696
"820",22288229,316.261658
"821",22306633,306.635056
"822",22296428,1021.892696
"823",22288061,316.261658
"824",22290465,306.635056
"825",22295712,1021.892696
"826",22303411,1021.892696
"827",22288071,316.261658
"828",22290167,1021.892696
"829",22304233,316.261658
"830",22295850,316.261658
"831",22304427,1021.892696
"832",22289929,316.261658
"833",22306279,206.996183
"834",22296076,206.996183
"835",22304907,306.635056
"836",22296658,1021.892696
"837",22296044,1021.892696
"838",22290421,306.635056
"839",22305567,206.996183
"840",22288335,206.996183
"841",22304089,316.261658
"842",22304581,316.261658
"843",22305677,316.261658
"844",22304453,1021.892696
"845",22306341,316.261658
"846",22288379,306.635056
"847",22294114,316.261658
"848",22305429,316.261658
"849",22296014,1021.892696
"850",22296678,206.996183
"851",8968542,139.427349810237
"852",8968586,139.427349810237
"853",8968692,121.697538540949
"854",8968742,511.96421246976
"855",8968784,511.96421246976
"856",8968788,139.427349810237
"857",8968838,139.427349810237
"858",8968914,131.644460565446
"859",8968976,511.96421246976
"860",8969032,511.96421246976
"861",8969056,121.697538540949
"862",8969106,511.96421246976
"863",8969152,139.427349810237
"864",8969174,131.644460565446
"865",8969248,131.644460565446
"866",8969354,511.96421246976
"867",8969440,131.644460565446
"868",8969588,121.697538540949
"869",8969728,131.644460565446
"870",8969788,511.96421246976
"871",8969860,121.697538540949
"872",8969912,121.697538540949
"873",8969928,121.697538540949
"874",8969932,121.697538540949
"875",8969938,121.697538540949
"876",8970018,121.697538540949
"877",8970368,511.96421246976
"878",8970378,511.96421246976
"879",9049117,511.96421246976
"880",9049121,511.96421246976
"881",9049129,511.96421246976
"882",9049185,511.96421246976
"883",15444403,139.427349810237
"884",15444447,139.427349810237
"885",15444759,139.427349810237
"886",15444771,139.427349810237
"887",15444833,511.96421246976
"888",15444871,121.697538540949
"889",15444931,121.697538540949
"890",15444937,121.697538540949
"891",15444983,511.96421246976
"892",15445057,511.96421246976
"893",15445073,139.427349810237
"894",15445077,139.427349810237
"895",15445085,511.96421246976
"896",15445099,139.427349810237
"897",15445101,131.644460565446
"898",15445115,121.697538540949
"899",15445117,131.644460565446
"900",15445119,511.96421246976
"901",6240183,200.153314401332
"902",6240223,200.153314401332
"903",6240233,41.5630910326697
"904",6240355,41.5630910326697
"905",6240359,36.0793341113604
"906",6241445,36.0793341113604
"907",6241835,41.5630910326697
"908",6241839,36.0793341113604
"909",6241839,36.0793341113604
"910",6241841,36.0793341113604
"911",6241843,200.153314401332
"912",6241853,36.0793341113604
"913",6241853,36.0793341113604
"914",6261360,200.153314401332
"915",6261382,41.5630910326697
"916",7732053,41.5630910326697
"917",7732169,41.5630910326697
"918",7732303,36.0793341113604
"919",7732381,41.5630910326697
"920",7732753,41.5630910326697
"921",7733289,36.0793341113604
"922",7733341,3.01924691908694
"923",7733341,3.01924691908694
"924",7734337,3.01924691908694
"925",7737521,3.01924691908694
"926",7737521,3.01924691908694
"927",7737521,3.01924691908694
"928",7737521,3.01924691908694
"929",7737521,3.01924691908694
"930",7737521,3.01924691908694
"931",9496176,41.5630910326697
"932",9496218,41.5630910326697
"933",9496274,41.5630910326697
"934",9496316,200.153314401332
"935",9496440,36.0793341113604
"936",9496622,36.0793341113604
"937",9496698,36.0793341113604
"938",9498810,200.153314401332
"939",9498872,200.153314401332
"940",9498890,41.5630910326697
"941",9499614,200.153314401332
"942",9499672,200.153314401332
"943",9499704,200.153314401332
"944",9499704,200.153314401332
"945",9499882,200.153314401332
"946",9500024,200.153314401332
"947",9503990,41.5630910326697
"948",9503992,41.5630910326697
"949",9503992,41.5630910326697
"950",9509774,41.5630910326697
"951",15509066,180.585823719367
"952",15509072,211.725620267097
"953",15509276,180.585823719367
"954",15510326,754.229895546105
"955",15510358,227.26411157177
"956",15510610,754.229895546105
"957",15510676,180.585823719367
"958",15510814,754.229895546105
"959",15510832,754.229895546105
"960",15510910,754.229895546105
"961",15511484,211.725620267097
"962",15512544,227.26411157177
"963",15512594,754.229895546105
"964",15512716,227.26411157177
"965",15512720,754.229895546105
"966",15512784,227.26411157177
"967",15512860,754.229895546105
"968",15512888,754.229895546105
"969",15512910,754.229895546105
"970",15512916,754.229895546105
"971",15513054,180.585823719367
"972",15513146,227.26411157177
"973",15513238,754.229895546105
"974",15513298,180.585823719367
"975",15513366,227.26411157177
"976",15513386,180.585823719367
"977",15513474,754.229895546105
"978",15513540,180.585823719367
"979",15513578,227.26411157177
"980",15513728,754.229895546105
"981",15513790,227.26411157177
"982",15513860,227.26411157177
"983",15513940,227.26411157177
"984",15514010,754.229895546105
"985",15514064,227.26411157177
"986",15514080,180.585823719367
"987",15514238,754.229895546105
"988",15514250,754.229895546105
"989",15514354,180.585823719367
"990",15514448,754.229895546105
"991",15514914,211.725620267097
"992",15515150,211.725620267097
"993",15516684,227.26411157177
"994",15516702,227.26411157177
"995",15517518,211.725620267097
"996",15517566,180.585823719367
"997",15517598,180.585823719367
"998",15517610,227.26411157177
"999",904420003,227.26411157177
"1000",904420005,227.26411157177
"1001",8110483,469.45374915514
"1002",8110509,469.45374915514
"1003",8110527,469.45374915514
"1004",8110531,125.782515364468
"1005",8110559,144.565574287051
"1006",8110591,469.45374915514
"1007",8110675,469.45374915514
"1008",8110711,144.565574287051
"1009",8110713,144.565574287051
"1010",8110713,144.565574287051
"1011",8110713,144.565574287051
"1012",8110899,125.782515364468
"1013",8110957,125.782515364468
"1014",8110977,125.782515364468
"1015",8117095,144.565574287051
"1016",8117119,469.45374915514
"1017",8117177,144.565574287051
"1018",8117199,469.45374915514
"1019",8117347,124.433485985025
"1020",8117731,469.45374915514
"1021",8117733,144.565574287051
"1022",8117783,469.45374915514
"1023",8117809,144.565574287051
"1024",8117811,469.45374915514
"1025",8117897,144.565574287051
"1026",8117965,469.45374915514
"1027",8117975,469.45374915514
"1028",8118015,144.565574287051
"1029",8118039,469.45374915514
"1030",8118079,125.782515364468
"1031",8118217,469.45374915514
"1032",8118243,125.782515364468
"1033",8118261,124.433485985025
"1034",8118547,125.782515364468
"1035",8118787,469.45374915514
"1036",8118805,124.433485985025
"1037",8118811,124.433485985025
"1038",8118811,124.433485985025
"1039",8118853,144.565574287051
"1040",8118899,125.782515364468
"1041",8118951,469.45374915514
"1042",8118965,144.565574287051
"1043",8118997,124.433485985025
"1044",8118999,469.45374915514
"1045",8119021,144.565574287051
"1046",8119077,469.45374915514
"1047",8119157,144.565574287051
"1048",8119183,125.782515364468
"1049",8119227,125.782515364468
"1050",8121477,144.565574287051
"1051",1748541,196.21820913178
"1052",1748551,600.086503999616
"1053",1748553,196.21820913178
"1054",1748583,139.402543823155
"1055",1748635,196.21820913178
"1056",1749283,165.375730356941
"1057",1749399,165.375730356941
"1058",1750379,196.21820913178
"1059",1750519,600.086503999616
"1060",1750575,600.086503999616
"1061",1752011,600.086503999616
"1062",1752021,600.086503999616
"1063",1752119,165.375730356941
"1064",2612796,600.086503999616
"1065",2612836,600.086503999616
"1066",2612840,139.402543823155
"1067",2612856,139.402543823155
"1068",2612928,139.402543823155
"1069",2613362,139.402543823155
"1070",2613414,139.402543823155
"1071",2613546,139.402543823155
"1072",2613694,600.086503999616
"1073",2613806,196.21820913178
"1074",2613856,600.086503999616
"1075",2613868,196.21820913178
"1076",2613922,196.21820913178
"1077",2614020,196.21820913178
"1078",2615092,139.402543823155
"1079",2615112,196.21820913178
"1080",2615122,139.402543823155
"1081",2615124,600.086503999616
"1082",2617044,600.086503999616
"1083",2617284,165.375730356941
"1084",2617298,165.375730356941
"1085",2617430,165.375730356941
"1086",2617570,165.375730356941
"1087",2617572,165.375730356941
"1088",4147510,196.21820913178
"1089",4147518,139.402543823155
"1090",4147716,139.402543823155
"1091",4147754,165.375730356941
"1092",4147880,165.375730356941
"1093",4147902,600.086503999616
"1094",4147956,139.402543823155
"1095",4147964,196.21820913178
"1096",4148006,600.086503999616
"1097",4150218,139.402543823155
"1098",4150288,139.402543823155
"1099",4150568,600.086503999616
"1100",4151522,165.375730356941
"1101",15537229,278.770525972392
"1102",15537425,178.77377707534
"1103",15537431,178.77377707534
"1104",15537603,707.634705536279
"1105",15537651,281.232903270766
"1106",15538549,278.770525972392
"1107",15539083,278.770525972392
"1108",15539193,178.77377707534
"1109",15539193,178.77377707534
"1110",15539223,278.770525972392
"1111",15539305,278.770525972392
"1112",15539405,178.77377707534
"1113",15539429,278.770525972392
"1114",15539471,278.770525972392
"1115",15539615,278.770525972392
"1116",15539665,278.770525972392
"1117",15539767,707.634705536279
"1118",15539857,178.77377707534
"1119",15540207,707.634705536279
"1120",15540239,278.770525972392
"1121",15540245,278.770525972392
"1122",15541217,281.232903270766
"1123",15541359,278.770525972392
"1124",15541551,178.77377707534
"1125",15547435,707.634705536279
"1126",15547527,707.634705536279
"1127",15547757,707.634705536279
"1128",15547909,178.77377707534
"1129",15547919,278.770525972392
"1130",15547963,278.770525972392
"1131",15548141,707.634705536279
"1132",15548189,281.232903270766
"1133",15548219,281.232903270766
"1134",15548983,278.770525972392
"1135",15549139,707.634705536279
"1136",15549245,178.77377707534
"1137",15549541,707.634705536279
"1138",15549551,281.232903270766
"1139",15549637,178.77377707534
"1140",15549957,178.77377707534
"1141",15550015,178.77377707534
"1142",15550083,278.770525972392
"1143",15550109,278.770525972392
"1144",15550239,178.77377707534
"1145",15550269,178.77377707534
"1146",15550733,178.77377707534
"1147",15550853,278.770525972392
"1148",15550903,178.77377707534
"1149",15550925,278.770525972392
"1150",15551037,278.770525972392
"1151",7709860,73.1291489741703
"1152",7710206,22.3887691612536
"1153",7711876,73.1291489741703
"1154",7711984,73.1291489741703
"1155",7711996,22.3887691612536
"1156",7712026,22.3887691612536
"1157",7712040,73.1291489741703
"1158",7712140,27.7677994152778
"1159",7712156,73.1291489741703
"1160",7712190,22.3887691612536
"1161",7712206,19.6179948382867
"1162",7712238,73.1291489741703
"1163",7712284,19.6179948382867
"1164",7712300,19.6179948382867
"1165",7712320,27.7677994152778
"1166",7712332,73.1291489741703
"1167",7712390,27.7677994152778
"1168",7712406,27.7677994152778
"1169",7712432,22.3887691612536
"1170",7712432,22.3887691612536
"1171",7712506,27.7677994152778
"1172",7712510,22.3887691612536
"1173",7712510,22.3887691612536
"1174",7712572,22.3887691612536
"1175",7712572,22.3887691612536
"1176",7712622,73.1291489741703
"1177",7712646,22.3887691612536
"1178",7712660,19.6179948382867
"1179",7712722,22.3887691612536
"1180",7712756,27.7677994152778
"1181",7712768,27.7677994152778
"1182",7712768,27.7677994152778
"1183",7712818,19.6179948382867
"1184",7712882,22.3887691612536
"1185",7712894,73.1291489741703
"1186",7712902,22.3887691612536
"1187",7713038,73.1291489741703
"1188",7713102,22.3887691612536
"1189",7713500,19.6179948382867
"1190",7713516,73.1291489741703
"1191",7713582,73.1291489741703
"1192",7713588,73.1291489741703
"1193",7713590,73.1291489741703
"1194",7713688,27.7677994152778
"1195",7713690,19.6179948382867
"1196",7713718,19.6179948382867
"1197",7713726,19.6179948382867
"1198",7713726,19.6179948382867
"1199",7713740,22.3887691612536
"1200",900510082,22.3887691612536
"1201",9521097,154.32249073035
"1202",9521153,178.934019845291
"1203",9521225,106.297647173954
"1204",9521239,154.32249073035
"1205",9521251,178.934019845291
"1206",9521333,543.480096968788
"1207",9521341,178.934019845291
"1208",9521351,543.480096968788
"1209",9521453,106.297647173954
"1210",9521459,106.297647173954
"1211",9521459,106.297647173954
"1212",9521539,543.480096968788
"1213",9522527,178.934019845291
"1214",9523041,106.297647173954
"1215",9524325,154.32249073035
"1216",9524415,154.32249073035
"1217",9524463,543.480096968788
"1218",9524647,543.480096968788
"1219",9524657,543.480096968788
"1220",9525601,154.32249073035
"1221",9527303,543.480096968788
"1222",9527387,178.934019845291
"1223",9527907,178.934019845291
"1224",9527955,543.480096968788
"1225",9527997,543.480096968788
"1226",9528017,154.32249073035
"1227",9528185,178.934019845291
"1228",9528265,543.480096968788
"1229",9528279,178.934019845291
"1230",9528309,178.934019845291
"1231",9528315,543.480096968788
"1232",9528321,154.32249073035
"1233",9528337,154.32249073035
"1234",9528347,543.480096968788
"1235",9528359,543.480096968788
"1236",9528365,178.934019845291
"1237",9528383,178.934019845291
"1238",9528395,106.297647173954
"1239",10311316,154.32249073035
"1240",10311368,543.480096968788
"1241",10312486,543.480096968788
"1242",10312528,154.32249073035
"1243",10312612,178.934019845291
"1244",10312626,178.934019845291
"1245",10312680,543.480096968788
"1246",10313430,154.32249073035
"1247",10313434,154.32249073035
"1248",10313448,178.934019845291
"1249",10313456,178.934019845291
"1250",25825667,543.480096968788
"1251",15504642,356.266112271537
"1252",15505038,444.979709357769
"1253",15505072,356.266112271537
"1254",15505208,444.979709357769
"1255",15558097,248.102172232999
"1256",15558203,356.266112271537
"1257",15558595,356.266112271537
"1258",15558653,444.979709357769
"1259",15558657,248.102172232999
"1260",15558683,248.102172232999
"1261",15559683,248.102172232999
"1262",15559929,248.102172232999
"1263",15560119,248.102172232999
"1264",15560297,444.979709357769
"1265",15560829,910.363376820896
"1266",15561001,444.979709357769
"1267",15561117,444.979709357769
"1268",15561203,248.102172232999
"1269",21621657,356.266112271537
"1270",21621743,356.266112271537
"1271",21621813,910.363376820896
"1272",21621819,444.979709357769
"1273",21621865,356.266112271537
"1274",21621979,356.266112271537
"1275",21622117,444.979709357769
"1276",21622413,444.979709357769
"1277",21622587,444.979709357769
"1278",21622669,444.979709357769
"1279",21623313,910.363376820896
"1280",21623425,444.979709357769
"1281",21623557,910.363376820896
"1282",21623673,356.266112271537
"1283",21623825,910.363376820896
"1284",21623991,444.979709357769
"1285",21624003,248.102172232999
"1286",21624805,444.979709357769
"1287",21625589,910.363376820896
"1288",21625667,356.266112271537
"1289",21625943,910.363376820896
"1290",21631653,356.266112271537
"1291",21631723,356.266112271537
"1292",21631887,910.363376820896
"1293",21632213,910.363376820896
"1294",21632943,910.363376820896
"1295",21633067,444.979709357769
"1296",21633311,444.979709357769
"1297",21633629,910.363376820896
"1298",21633887,248.102172232999
"1299",21633939,248.102172232999
"1300",21633973,444.979709357769
"1301",6185790,459.683970229737
"1302",6185962,502.509607754039
"1303",6186016,1400.85296054584
"1304",6186206,459.683970229737
"1305",6186766,1400.85296054584
"1306",6188168,1400.85296054584
"1307",6188322,1400.85296054584
"1308",6188456,1400.85296054584
"1309",6188468,1400.85296054584
"1310",6188660,502.509607754039
"1311",6188948,459.683970229737
"1312",6188960,1400.85296054584
"1313",6189016,502.509607754039
"1314",6189028,502.509607754039
"1315",6189098,502.509607754039
"1316",6189186,459.683970229737
"1317",6189532,502.509607754039
"1318",6189532,502.509607754039
"1319",6189664,502.509607754039
"1320",6189674,1400.85296054584
"1321",6199796,1400.85296054584
"1322",6200038,1400.85296054584
"1323",6200244,459.683970229737
"1324",6200268,1400.85296054584
"1325",6200432,459.683970229737
"1326",6201706,502.509607754039
"1327",6201870,1400.85296054584
"1328",6201920,1400.85296054584
"1329",6203274,1400.85296054584
"1330",6203304,1400.85296054584
"1331",6211536,502.509607754039
"1332",6211560,502.509607754039
"1333",6212138,459.683970229737
"1334",6212224,410.589647241518
"1335",6212470,459.683970229737
"1336",6212474,502.509607754039
"1337",6212674,459.683970229737
"1338",6213070,1400.85296054584
"1339",6217258,502.509607754039
"1340",6217344,502.509607754039
"1341",6226844,502.509607754039
"1342",6227028,1400.85296054584
"1343",6227244,1400.85296054584
"1344",6228274,502.509607754039
"1345",6228326,1400.85296054584
"1346",6228384,502.509607754039
"1347",6228392,1400.85296054584
"1348",6229108,1400.85296054584
"1349",6229204,459.683970229737
"1350",6231870,459.683970229737
"1351",3245878,1415.87920881483
"1352",3245988,421.957472572163
"1353",3246098,323.496054278805
"1354",3246216,421.957472572163
"1355",3246282,300.983114133157
"1356",3246498,1415.87920881483
"1357",3246660,421.957472572163
"1358",3246874,1415.87920881483
"1359",3247432,323.496054278805
"1360",3247442,1415.87920881483
"1361",22738157,421.957472572163
"1362",22739459,300.983114133157
"1363",22739895,421.957472572163
"1364",22739917,300.983114133157
"1365",22740289,421.957472572163
"1366",22740353,1415.87920881483
"1367",22740535,421.957472572163
"1368",22740563,421.957472572163
"1369",22740859,323.496054278805
"1370",22740997,1415.87920881483
"1371",22741085,323.496054278805
"1372",22741107,300.983114133157
"1373",22741243,323.496054278805
"1374",22741573,323.496054278805
"1375",22742411,421.957472572163
"1376",22742567,1415.87920881483
"1377",22742725,421.957472572163
"1378",22742855,300.983114133157
"1379",22743221,1415.87920881483
"1380",22743267,421.957472572163
"1381",22743297,421.957472572163
"1382",22743619,323.496054278805
"1383",22743669,421.957472572163
"1384",22743863,323.496054278805
"1385",22743909,323.496054278805
"1386",22744141,1415.87920881483
"1387",22744329,323.496054278805
"1388",22744343,323.496054278805
"1389",22744887,421.957472572163
"1390",22744933,1415.87920881483
"1391",22744953,1415.87920881483
"1392",22744999,421.957472572163
"1393",22745349,1415.87920881483
"1394",22745415,421.957472572163
"1395",22745505,300.983114133157
"1396",22745717,1415.87920881483
"1397",22746005,323.496054278805
"1398",22746311,300.983114133157
"1399",22746437,300.983114133157
"1400",22751809,323.496054278805
"1401",9839478,238.708187449758
"1402",9840068,385.747736595784
"1403",9840072,385.747736595784
"1404",9840138,385.747736595784
"1405",9840156,385.747736595784
"1406",9840270,385.747736595784
"1407",9840280,238.708187449758
"1408",15567199,238.708187449758
"1409",15567263,238.708187449758
"1410",15567357,247.03200530225
"1411",15567407,238.708187449758
"1412",15567585,238.708187449758
"1413",15567745,268.270095709164
"1414",15567933,268.270095709164
"1415",15568061,385.747736595784
"1416",15568729,385.747736595784
"1417",15569007,385.747736595784
"1418",15569167,268.270095709164
"1419",15569281,247.03200530225
"1420",15569301,238.708187449758
"1421",15569363,238.708187449758
"1422",15569629,238.708187449758
"1423",15569657,238.708187449758
"1424",15574741,268.270095709164
"1425",15574925,268.270095709164
"1426",15575049,238.708187449758
"1427",15575329,247.03200530225
"1428",15575519,247.03200530225
"1429",15575757,238.708187449758
"1430",15575877,238.708187449758
"1431",15575923,238.708187449758
"1432",15576043,247.03200530225
"1433",15576317,385.747736595784
"1434",15576327,247.03200530225
"1435",15576341,238.708187449758
"1436",15576347,238.708187449758
"1437",15576347,238.708187449758
"1438",15576459,268.270095709164
"1439",15581259,385.747736595784
"1440",15581385,247.03200530225
"1441",15581451,238.708187449758
"1442",15581507,247.03200530225
"1443",15581539,268.270095709164
"1444",15581713,385.747736595784
"1445",15581857,385.747736595784
"1446",15582265,268.270095709164
"1447",15582383,385.747736595784
"1448",15582485,247.03200530225
"1449",15582549,385.747736595784
"1450",15582569,385.747736595784
"1451",21972796,434.199451408014
"1452",21974195,603.405916796046
"1453",21974653,603.405916796046
"1454",21974927,603.405916796046
"1455",21975137,434.199451408014
"1456",21976057,603.405916796046
"1457",21976325,603.405916796046
"1458",21977033,603.405916796046
"1459",21977213,2105.02650528306
"1460",21977367,434.199451408014
"1461",21977559,471.747728667336
"1462",21977571,603.405916796046
"1463",21977929,603.405916796046
"1464",21978113,471.747728667336
"1465",21978483,2105.02650528306
"1466",21978671,603.405916796046
"1467",21978911,471.747728667336
"1468",21979255,434.199451408014
"1469",21979299,2105.02650528306
"1470",21979445,2105.02650528306
"1471",21981067,434.199451408014
"1472",21981129,471.747728667336
"1473",21981391,471.747728667336
"1474",21981401,434.199451408014
"1475",21981783,2105.02650528306
"1476",21981945,603.405916796046
"1477",21982031,603.405916796046
"1478",21982217,603.405916796046
"1479",21983067,471.747728667336
"1480",21983073,2105.02650528306
"1481",21983113,2105.02650528306
"1482",21983459,2105.02650528306
"1483",21983721,603.405916796046
"1484",21984037,2105.02650528306
"1485",22022762,434.199451408014
"1486",22022936,2105.02650528306
"1487",22023164,2105.02650528306
"1488",22023182,471.747728667336
"1489",22023272,603.405916796046
"1490",22023302,434.199451408014
"1491",22023660,2105.02650528306
"1492",22024096,471.747728667336
"1493",22024102,2105.02650528306
"1494",22024132,434.199451408014
"1495",22024230,603.405916796046
"1496",22024628,603.405916796046
"1497",22025606,603.405916796046
"1498",22026246,2105.02650528306
"1499",22026464,603.405916796046
"1500",22026542,471.747728667336
"1501",6244252,13.9823738779825
"1502",6244304,66.9127855232521
"1503",6244310,22.9263433950096
"1504",6244336,66.9127855232521
"1505",6244338,13.9823738779825
"1506",6244370,13.9823738779825
"1507",6245210,13.9823738779825
"1508",6245214,66.9127855232521
"1509",6245216,66.9127855232521
"1510",6245222,66.9127855232521
"1511",6245228,66.9127855232521
"1512",6245260,22.9263433950096
"1513",6245270,13.9823738779825
"1514",6245270,13.9823738779825
"1515",6245272,22.9263433950096
"1516",6245280,9.59472320882588
"1517",6245312,22.9263433950096
"1518",6245314,13.9823738779825
"1519",6245320,9.59472320882588
"1520",6245332,22.9263433950096
"1521",6245344,9.59472320882588
"1522",6245344,9.59472320882588
"1523",6245350,9.59472320882588
"1524",6245356,66.9127855232521
"1525",6245380,22.9263433950096
"1526",6245390,66.9127855232521
"1527",6245398,66.9127855232521
"1528",6245406,66.9127855232521
"1529",6245418,22.9263433950096
"1530",6245448,9.59472320882588
"1531",6245450,66.9127855232521
"1532",6245456,22.9263433950096
"1533",6245458,9.59472320882588
"1534",6245480,13.9823738779825
"1535",6245480,13.9823738779825
"1536",6245524,66.9127855232521
"1537",6245534,13.9823738779825
"1538",6245534,13.9823738779825
"1539",6245602,9.59472320882588
"1540",6245682,66.9127855232521
"1541",6245694,66.9127855232521
"1542",6245756,22.9263433950096
"1543",6245892,22.9263433950096
"1544",6245892,22.9263433950096
"1545",6246292,9.59472320882588
"1546",6246292,9.59472320882588
"1547",6246302,66.9127855232521
"1548",6246304,22.9263433950096
"1549",6246306,22.9263433950096
"1550",6246308,22.9263433950096
"1551",15448632,607.526017309701
"1552",15448792,550.240877311224
"1553",15449342,607.526017309701
"1554",15449836,1192.02321291495
"1555",15450154,1192.02321291495
"1556",15450228,550.240877311224
"1557",15450278,576.942341895491
"1558",15455374,576.942341895491
"1559",15455808,576.942341895491
"1560",15456054,1192.02321291495
"1561",15456538,576.942341895491
"1562",15456852,607.526017309701
"1563",15458312,1192.02321291495
"1564",15464545,550.240877311224
"1565",15465121,607.526017309701
"1566",15465155,607.526017309701
"1567",15465261,607.526017309701
"1568",15466577,576.942341895491
"1569",15466649,550.240877311224
"1570",15466671,1192.02321291495
"1571",15467161,576.942341895491
"1572",15467463,576.942341895491
"1573",15469051,576.942341895491
"1574",15469211,1192.02321291495
"1575",15469347,607.526017309701
"1576",15475943,607.526017309701
"1577",15476217,607.526017309701
"1578",15476915,1192.02321291495
"1579",15476987,1192.02321291495
"1580",15478785,550.240877311224
"1581",15478795,576.942341895491
"1582",15479007,1192.02321291495
"1583",15484041,550.240877311224
"1584",15484297,550.240877311224
"1585",15484399,1192.02321291495
"1586",15484675,576.942341895491
"1587",15485061,576.942341895491
"1588",15489986,1192.02321291495
"1589",15491056,1192.02321291495
"1590",15491098,576.942341895491
"1591",15491434,576.942341895491
"1592",15491626,1192.02321291495
"1593",15492006,576.942341895491
"1594",15492182,607.526017309701
"1595",15492374,576.942341895491
"1596",15492664,550.240877311224
"1597",15492698,607.526017309701
"1598",15497614,550.240877311224
"1599",15502887,550.240877311224
"1600",25517348,576.942341895491
"1601",8083543,1839.42900085923
"1602",8083677,1839.42900085923
"1603",8083871,427.18606589501
"1604",8084049,427.18606589501
"1605",8084341,1839.42900085923
"1606",8085039,1839.42900085923
"1607",8085097,559.609902945217
"1608",8085103,1839.42900085923
"1609",8085203,559.609902945217
"1610",8085239,559.609902945217
"1611",8085459,559.609902945217
"1612",8085537,427.18606589501
"1613",8085583,1839.42900085923
"1614",8085985,427.18606589501
"1615",8086827,1839.42900085923
"1616",8087135,1839.42900085923
"1617",8087345,559.609902945217
"1618",8087655,1839.42900085923
"1619",8087721,559.609902945217
"1620",8100623,1839.42900085923
"1621",8101215,559.609902945217
"1622",8101443,1839.42900085923
"1623",8101531,1839.42900085923
"1624",8101899,427.18606589501
"1625",8101909,559.609902945217
"1626",8102089,1839.42900085923
"1627",8102139,559.609902945217
"1628",8102365,427.18606589501
"1629",8102543,427.18606589501
"1630",8102743,1839.42900085923
"1631",8103499,427.18606589501
"1632",9419977,427.18606589501
"1633",9420013,427.18606589501
"1634",9420063,559.609902945217
"1635",9420393,427.18606589501
"1636",9420621,1839.42900085923
"1637",9420681,442.461830111482
"1638",9421781,1839.42900085923
"1639",9421803,1839.42900085923
"1640",9421939,427.18606589501
"1641",9422137,559.609902945217
"1642",9422701,559.609902945217
"1643",9423109,1839.42900085923
"1644",9423343,427.18606589501
"1645",9423361,559.609902945217
"1646",9423545,427.18606589501
"1647",9423551,1839.42900085923
"1648",9423845,442.461830111482
"1649",9424397,1839.42900085923
"1650",9424499,442.461830111482
"1651",22288019,1021.89269622329
"1652",22288109,1021.89269622329
"1653",22288277,1021.89269622329
"1654",22288307,1021.89269622329
"1655",22288371,306.635055997138
"1656",22288379,306.635055997138
"1657",22288495,306.635055997138
"1658",22289877,1021.89269622329
"1659",22289929,316.261657915008
"1660",22289959,316.261657915008
"1661",22290001,306.635055997138
"1662",22290007,316.261657915008
"1663",22290519,306.635055997138
"1664",22290559,306.635055997138
"1665",22294122,206.996183206361
"1666",22294854,306.635055997138
"1667",22295692,206.996183206361
"1668",22295776,316.261657915008
"1669",22295842,316.261657915008
"1670",22295992,306.635055997138
"1671",22296180,1021.89269622329
"1672",22296192,306.635055997138
"1673",22296456,206.996183206361
"1674",22296588,316.261657915008
"1675",22296592,316.261657915008
"1676",22296624,1021.89269622329
"1677",22296796,206.996183206361
"1678",22296860,1021.89269622329
"1679",22296938,316.261657915008
"1680",22302887,1021.89269622329
"1681",22302927,206.996183206361
"1682",22304141,206.996183206361
"1683",22304209,316.261657915008
"1684",22304293,316.261657915008
"1685",22304409,1021.89269622329
"1686",22304907,306.635055997138
"1687",22305429,316.261657915008
"1688",22305525,316.261657915008
"1689",22305615,306.635055997138
"1690",22305821,1021.89269622329
"1691",22306043,316.261657915008
"1692",22306237,206.996183206361
"1693",22306281,206.996183206361
"1694",22306307,206.996183206361
"1695",22306315,1021.89269622329
"1696",22306319,206.996183206361
"1697",22306619,306.635055997138
"1698",22307055,306.635055997138
"1699",22307197,306.635055997138
"1700",22309883,206.996183206361
"1701",15444789,197.648897746884
"1702",15444497,197.648897746884
"1703",15444871,30.8331799234452
"1704",8974650,30.8331799234452
"1705",15444849,197.648897746884
"1706",15444961,30.8331799234452
"1707",8968988,60.1172926214525
"1708",8969660,197.648897746884
"1709",15444709,197.648897746884
"1710",15444955,30.8331799234452
"1711",8968736,197.648897746884
"1712",8968978,60.1172926214525
"1713",8969458,197.648897746884
"1714",15444905,197.648897746884
"1715",9049197,36.9037966496173
"1716",8969208,60.1172926214525
"1717",15444761,36.9037966496173
"1718",15445127,36.9037966496173
"1719",8969648,197.648897746884
"1720",8969780,60.1172926214525
"1721",15444799,36.9037966496173
"1722",15445207,36.9037966496173
"1723",8969870,30.8331799234452
"1724",8968636,36.9037966496173
"1725",8969964,30.8331799234452
"1726",8970356,197.648897746884
"1727",8968858,36.9037966496173
"1728",8969676,30.8331799234452
"1729",8970360,197.648897746884
"1730",8969110,36.9037966496173
"1731",9049187,36.9037966496173
"1732",8969016,60.1172926214525
"1733",15445077,60.1172926214525
"1734",15445123,36.9037966496173
"1735",8969666,60.1172926214525
"1736",8969912,30.8331799234452
"1737",15445081,36.9037966496173
"1738",15444895,36.9037966496173
"1739",8969884,30.8331799234452
"1740",8968692,30.8331799234452
"1741",8969416,197.648897746884
"1742",8970422,60.1172926214525
"1743",9049141,36.9037966496173
"1744",8969034,30.8331799234452
"1745",8969786,197.648897746884
"1746",15444413,60.1172926214525
"1747",8969440,36.9037966496173
"1748",8969144,197.648897746884
"1749",15444851,197.648897746884
"1750",15445103,30.8331799234452
"1751",8968924,197.648897746884
"1752",8969946,30.8331799234452
"1753",15444781,60.1172926214525
"1754",15444963,30.8331799234452
"1755",8969698,60.1172926214525
"1756",8968564,60.1172926214525
"1757",8969950,30.8331799234452
"1758",15444973,60.1172926214525
"1759",9049119,197.648897746884
"1760",8969292,60.1172926214525
"1761",8969792,60.1172926214525
"1762",15444555,60.1172926214525
"1763",8969546,197.648897746884
"1764",8969222,60.1172926214525
"1765",15445001,30.8331799234452
"1766",8968752,60.1172926214525
"1767",8969192,60.1172926214525
"1768",9049187,36.9037966496173
"1769",15445013,36.9037966496173
"1770",8969306,60.1172926214525
"1771",8969412,60.1172926214525
"1772",8969688,197.648897746884
"1773",8968956,60.1172926214525
"1774",8968982,60.1172926214525
"1775",15445077,60.1172926214525
"1776",15444607,197.648897746884
"1777",15445101,36.9037966496173
"1778",8968626,197.648897746884
"1779",8969748,197.648897746884
"1780",8969420,197.648897746884
"1781",15444933,60.1172926214525
"1782",8969452,197.648897746884
"1783",15444731,197.648897746884
"1784",8969866,30.8331799234452
"1785",15444909,197.648897746884
"1786",8969180,60.1172926214525
"1787",15444827,197.648897746884
"1788",8968974,36.9037966496173
"1789",15444871,30.8331799234452
"1790",8969770,197.648897746884
"1791",6240185,13.2964952073231
"1792",7737521,0.543494570150918
"1793",7732175,80.6071754531148
"1794",9498810,80.6071754531148
"1795",6241839,8.85259990216673
"1796",6240245,8.85259990216673
"1797",9496456,13.2964952073231
"1798",9498408,13.2964952073231
"1799",7734337,0.543494570150918
"1800",6240223,80.6071754531148
"1801",6261278,80.6071754531148
"1802",9499660,13.2964952073231
"1803",7733341,0.543494570150918
"1804",6240211,13.2964952073231
"1805",6241853,8.85259990216673
"1806",9496252,80.6071754531148
"1807",6241327,8.85259990216673
"1808",7737521,0.543494570150918
"1809",7733289,8.85259990216673
"1810",9499784,80.6071754531148
"1811",7737521,0.543494570150918
"1812",6240357,8.85259990216673
"1813",9496206,8.85259990216673
"1814",9498340,80.6071754531148
"1815",7733341,0.543494570150918
"1816",6241835,13.2964952073231
"1817",9509366,13.2964952073231
"1818",9498856,80.6071754531148
"1819",7737521,0.543494570150918
"1820",6240217,80.6071754531148
"1821",6241853,8.85259990216673
"1822",9496256,13.2964952073231
"1823",6241841,8.85259990216673
"1824",6240359,8.85259990216673
"1825",7732173,8.85259990216673
"1826",9498590,80.6071754531148
"1827",7737521,0.543494570150918
"1828",6240357,8.85259990216673
"1829",9496452,13.2964952073231
"1830",9499614,80.6071754531148
"1831",7733341,0.543494570150918
"1832",7732545,80.6071754531148
"1833",9509668,80.6071754531148
"1834",9495134,80.6071754531148
"1835",7737521,0.543494570150918
"1836",7732269,13.2964952073231
"1837",6241423,8.85259990216673
"1838",9496622,8.85259990216673
"1839",6241839,8.85259990216673
"1840",7733341,0.543494570150918
"1841",7733261,13.2964952073231
"1842",9498890,13.2964952073231
"1843",7737521,0.543494570150918
"1844",6240225,8.85259990216673
"1845",9509224,80.6071754531148
"1846",9498518,80.6071754531148
"1847",7733341,0.543494570150918
"1848",7732687,13.2964952073231
"1849",6241845,13.2964952073231
"1850",9496236,13.2964952073231
"1851",7737521,0.543494570150918
"1852",7732171,8.85259990216673
"1853",9498832,80.6071754531148
"1854",9496254,80.6071754531148
"1855",6240253,80.6071754531148
"1856",9499720,80.6071754531148
"1857",7737521,0.543494570150918
"1858",6241845,13.2964952073231
"1859",7737521,0.543494570150918
"1860",9499344,80.6071754531148
"1861",7733341,0.543494570150918
"1862",9498466,80.6071754531148
"1863",7732337,80.6071754531148
"1864",9496238,80.6071754531148
"1865",6241347,8.85259990216673
"1866",7732067,8.85259990216673
"1867",6240237,13.2964952073231
"1868",9498544,80.6071754531148
"1869",7737521,0.543494570150918
"1870",6241445,8.85259990216673
"1871",7733341,0.543494570150918
"1872",9498882,13.2964952073231
"1873",7734337,0.543494570150918
"1874",6261386,80.6071754531148
"1875",6240167,13.2964952073231
"1876",9496696,13.2964952073231
"1877",7737521,0.543494570150918
"1878",9496456,13.2964952073231
"1879",7732215,8.85259990216673
"1880",9496622,8.85259990216673
"1881",15513948,257.969706517709
"1882",15514266,54.844876403636
"1883",15515048,54.844876403636
"1884",15510276,97.7763732281922
"1885",15513088,97.7763732281922
"1886",15509002,257.969706517709
"1887",15510562,54.844876403636
"1888",15510382,51.7553047522084
"1889",15512766,54.844876403636
"1890",15516674,97.7763732281922
"1891",15513080,51.7553047522084
"1892",15517590,97.7763732281922
"1893",15513576,257.969706517709
"1894",15511436,54.844876403636
"1895",15515158,54.844876403636
"1896",15514070,257.969706517709
"1897",15514372,97.7763732281922
"1898",15514254,51.7553047522084
"1899",15513550,257.969706517709
"1900",15510432,257.969706517709
"1901",15521524,54.844876403636
"1902",15509074,97.7763732281922
"1903",15514396,257.969706517709
"1904",15510350,51.7553047522084
"1905",15513054,51.7553047522084
"1906",15510574,257.969706517709
"1907",15513260,97.7763732281922
"1908",15514114,97.7763732281922
"1909",15509286,54.844876403636
"1910",15510708,54.844876403636
"1911",15515156,97.7763732281922
"1912",15517768,54.844876403636
"1913",15513342,97.7763732281922
"1914",15514784,54.844876403636
"1915",15513600,257.969706517709
"1916",15512550,97.7763732281922
"1917",15514950,54.844876403636
"1918",15510824,54.844876403636
"1919",15513460,97.7763732281922
"1920",15512790,257.969706517709
"1921",15514376,257.969706517709
"1922",15511108,54.844876403636
"1923",15513386,51.7553047522084
"1924",15517470,97.7763732281922
"1925",15509312,54.844876403636
"1926",15513824,257.969706517709
"1927",15514480,51.7553047522084
"1928",15517540,257.969706517709
"1929",15521510,54.844876403636
"1930",15509452,54.844876403636
"1931",15513194,51.7553047522084
"1932",15512758,97.7763732281922
"1933",15512824,257.969706517709
"1934",15511482,54.844876403636
"1935",15512868,51.7553047522084
"1936",15517566,51.7553047522084
"1937",15513338,97.7763732281922
"1938",15510564,97.7763732281922
"1939",15513566,257.969706517709
"1940",15521556,51.7553047522084
"1941",15514656,54.844876403636
"1942",15513860,97.7763732281922
"1943",15510238,257.969706517709
"1944",15516706,257.969706517709
"1945",15510600,97.7763732281922
"1946",15517388,54.844876403636
"1947",15513496,97.7763732281922
"1948",15513806,97.7763732281922
"1949",15512716,97.7763732281922
"1950",15511174,54.844876403636
"1951",15512652,54.844876403636
"1952",15513376,51.7553047522084
"1953",15510458,51.7553047522084
"1954",15515284,54.844876403636
"1955",15512882,257.969706517709
"1956",15513554,257.969706517709
"1957",15510864,257.969706517709
"1958",15517830,54.844876403636
"1959",15514610,54.844876403636
"1960",15515066,54.844876403636
"1961",15509338,54.844876403636
"1962",15512722,97.7763732281922
"1963",15513134,257.969706517709
"1964",15515516,257.969706517709
"1965",15511460,54.844876403636
"1966",15513984,51.7553047522084
"1967",15514914,54.844876403636
"1968",15510674,257.969706517709
"1969",15513624,97.7763732281922
"1970",15516714,97.7763732281922
"1971",8110509,172.215471693403
"1972",8119151,172.215471693403
"1973",8110701,33.7408001243546
"1974",8118097,61.9752951061774
"1975",8110517,172.215471693403
"1976",8118975,35.5784895160767
"1977",8118147,172.215471693403
"1978",8117955,61.9752951061774
"1979",8117133,35.5784895160767
"1980",8110899,33.7408001243546
"1981",8118287,172.215471693403
"1982",8118457,33.7408001243546
"1983",8119139,172.215471693403
"1984",8110809,172.215471693403
"1985",8118999,172.215471693403
"1986",8117749,172.215471693403
"1987",8110499,61.9752951061774
"1988",8119147,172.215471693403
"1989",8110925,35.5784895160767
"1990",8117965,172.215471693403
"1991",8110649,61.9752951061774
"1992",8110727,35.5784895160767
"1993",8118419,33.7408001243546
"1994",8117977,35.5784895160767
"1995",8118881,33.7408001243546
"1996",8110681,33.7408001243546
"1997",8121477,61.9752951061774
"1998",8117901,61.9752951061774
"1999",8119141,35.5784895160767
"2000",8110797,172.215471693403
"2001",8119017,61.9752951061774
"2002",8118373,35.5784895160767
"2003",8110879,61.9752951061774
"2004",8118931,35.5784895160767
"2005",8118417,33.7408001243546
"2006",8117907,172.215471693403
"2007",8110579,172.215471693403
"2008",8110711,61.9752951061774
"2009",8117855,35.5784895160767
"2010",8118501,33.7408001243546
"2011",8110563,172.215471693403
"2012",8110919,33.7408001243546
"2013",8118359,172.215471693403
"2014",8117707,61.9752951061774
"2015",8118875,35.5784895160767
"2016",8119081,172.215471693403
"2017",8118957,61.9752951061774
"2018",8117309,172.215471693403
"2019",8110543,33.7408001243546
"2020",8118943,33.7408001243546
"2021",8118439,33.7408001243546
"2022",8118031,61.9752951061774
"2023",8110895,61.9752951061774
"2024",8110603,33.7408001243546
"2025",8110847,33.7408001243546
"2026",8118123,33.7408001243546
"2027",8118837,172.215471693403
"2028",8110661,172.215471693403
"2029",8119031,172.215471693403
"2030",8117795,172.215471693403
"2031",8117213,35.5784895160767
"2032",8119065,33.7408001243546
"2033",8118937,172.215471693403
"2034",8117329,35.5784895160767
"2035",8110627,172.215471693403
"2036",8118221,35.5784895160767
"2037",8118811,35.5784895160767
"2038",8119017,61.9752951061774
"2039",8118975,35.5784895160767
"2040",8118155,172.215471693403
"2041",8119161,172.215471693403
"2042",8117745,35.5784895160767
"2043",8119057,35.5784895160767
"2044",8117189,35.5784895160767
"2045",8110513,35.5784895160767
"2046",8119085,172.215471693403
"2047",8110705,172.215471693403
"2048",8118539,33.7408001243546
"2049",8118859,172.215471693403
"2050",8118909,35.5784895160767
"2051",8118953,61.9752951061774
"2052",8117963,33.7408001243546
"2053",8117103,35.5784895160767
"2054",8118269,172.215471693403
"2055",8110617,61.9752951061774
"2056",8117763,172.215471693403
"2057",8110485,61.9752951061774
"2058",8118185,61.9752951061774
"2059",8111007,33.7408001243546
"2060",8117135,172.215471693403
"2061",1750597,84.2533290741106
"2062",4150154,42.6754974504409
"2063",1748543,84.2533290741106
"2064",2612856,39.8443114577268
"2065",2617442,42.6754974504409
"2066",4147570,84.2533290741106
"2067",2612944,39.8443114577268
"2068",2613636,211.071353009413
"2069",1750585,42.6754974504409
"2070",2617554,42.6754974504409
"2071",2612808,84.2533290741106
"2072",2616710,84.2533290741106
"2073",4147788,39.8443114577268
"2074",2615166,39.8443114577268
"2075",2613410,211.071353009413
"2076",1749399,42.6754974504409
"2077",1750421,211.071353009413
"2078",4151524,42.6754974504409
"2079",1748567,84.2533290741106
"2080",1749197,211.071353009413
"2081",2615114,39.8443114577268
"2082",4147474,39.8443114577268
"2083",1748589,84.2533290741106
"2084",2613840,39.8443114577268
"2085",1750437,42.6754974504409
"2086",4151462,42.6754974504409
"2087",2612920,211.071353009413
"2088",2613878,42.6754974504409
"2089",4147676,42.6754974504409
"2090",2617494,42.6754974504409
"2091",2613668,211.071353009413
"2092",1752001,42.6754974504409
"2093",1750599,39.8443114577268
"2094",4150180,211.071353009413
"2095",1748713,211.071353009413
"2096",2613554,211.071353009413
"2097",2615072,84.2533290741106
"2098",4147976,39.8443114577268
"2099",1748611,211.071353009413
"2100",2613828,39.8443114577268
"2101",2615086,84.2533290741106
"2102",4147786,39.8443114577268
"2103",1748551,211.071353009413
"2104",1749265,211.071353009413
"2105",4147680,211.071353009413
"2106",4147646,39.8443114577268
"2107",2613612,84.2533290741106
"2108",1749415,42.6754974504409
"2109",2616784,84.2533290741106
"2110",4149958,42.6754974504409
"2111",1748549,211.071353009413
"2112",2613474,39.8443114577268
"2113",2616674,211.071353009413
"2114",1750419,211.071353009413
"2115",1748535,211.071353009413
"2116",2616748,211.071353009413
"2117",2615128,211.071353009413
"2118",4151384,84.2533290741106
"2119",2613534,39.8443114577268
"2120",2617748,42.6754974504409
"2121",4149988,39.8443114577268
"2122",4147734,211.071353009413
"2123",2613372,211.071353009413
"2124",1752157,42.6754974504409
"2125",4151464,42.6754974504409
"2126",2614140,42.6754974504409
"2127",4148012,42.6754974504409
"2128",2613680,84.2533290741106
"2129",4150462,84.2533290741106
"2130",1749207,211.071353009413
"2131",4147552,39.8443114577268
"2132",4146592,211.071353009413
"2133",2617142,84.2533290741106
"2134",1752119,42.6754974504409
"2135",1750599,39.8443114577268
"2136",2612826,39.8443114577268
"2137",4147962,211.071353009413
"2138",2616700,84.2533290741106
"2139",4149968,39.8443114577268
"2140",2614002,211.071353009413
"2141",4150458,84.2533290741106
"2142",2613490,39.8443114577268
"2143",1750389,84.2533290741106
"2144",1748537,211.071353009413
"2145",4150042,211.071353009413
"2146",1752159,42.6754974504409
"2147",2617456,42.6754974504409
"2148",1748727,39.8443114577268
"2149",2615172,211.071353009413
"2150",4151516,42.6754974504409
"2151",15538999,77.7841929285946
"2152",15538645,124.689474289488
"2153",15550881,124.689474289488
"2154",15547947,346.283813317963
"2155",15539357,124.689474289488
"2156",15539203,346.283813317963
"2157",15550873,77.7841929285946
"2158",15541481,51.3856564381667
"2159",15540213,51.3856564381667
"2160",15541345,346.283813317963
"2161",15549537,77.7841929285946
"2162",15550101,51.3856564381667
"2163",15537773,124.689474289488
"2164",15539513,77.7841929285946
"2165",15547719,51.3856564381667
"2166",15548223,124.689474289488
"2167",15539065,51.3856564381667
"2168",15537637,77.7841929285946
"2169",15551033,124.689474289488
"2170",15550011,51.3856564381667
"2171",15540239,124.689474289488
"2172",15539315,346.283813317963
"2173",15550965,124.689474289488
"2174",15549631,346.283813317963
"2175",15539857,51.3856564381667
"2176",15539345,346.283813317963
"2177",15549271,51.3856564381667
"2178",15550217,346.283813317963
"2179",15537809,124.689474289488
"2180",15539485,51.3856564381667
"2181",15547441,346.283813317963
"2182",15548199,51.3856564381667
"2183",15540101,346.283813317963
"2184",15539007,77.7841929285946
"2185",15550111,77.7841929285946
"2186",15550747,346.283813317963
"2187",15539505,346.283813317963
"2188",15539163,124.689474289488
"2189",15550669,346.283813317963
"2190",15541551,51.3856564381667
"2191",15537431,51.3856564381667
"2192",15539635,346.283813317963
"2193",15547357,77.7841929285946
"2194",15547933,51.3856564381667
"2195",15537241,346.283813317963
"2196",15539657,77.7841929285946
"2197",15547619,124.689474289488
"2198",15540011,124.689474289488
"2199",15539159,346.283813317963
"2200",15537533,346.283813317963
"2201",15550023,51.3856564381667
"2202",15549637,51.3856564381667
"2203",15539883,346.283813317963
"2204",15541259,346.283813317963
"2205",15551179,77.7841929285946
"2206",15550133,346.283813317963
"2207",15538515,51.3856564381667
"2208",15539639,124.689474289488
"2209",15548181,346.283813317963
"2210",15547763,77.7841929285946
"2211",15558683,77.7841929285946
"2212",15539755,124.689474289488
"2213",15549263,77.7841929285946
"2214",15549911,51.3856564381667
"2215",15541423,77.7841929285946
"2216",15550177,346.283813317963
"2217",15537555,77.7841929285946
"2218",15547361,77.7841929285946
"2219",15541177,77.7841929285946
"2220",15549893,346.283813317963
"2221",15539857,51.3856564381667
"2222",15549017,346.283813317963
"2223",15547259,51.3856564381667
"2224",15547631,51.3856564381667
"2225",15539415,51.3856564381667
"2226",15550137,51.3856564381667
"2227",15539337,346.283813317963
"2228",15541475,51.3856564381667
"2229",15537817,124.689474289488
"2230",15549733,77.7841929285946
"2231",15537847,124.689474289488
"2232",15549217,124.689474289488
"2233",15539647,51.3856564381667
"2234",15549579,346.283813317963
"2235",15540155,124.689474289488
"2236",15547953,77.7841929285946
"2237",15540125,77.7841929285946
"2238",15550065,346.283813317963
"2239",15550775,51.3856564381667
"2240",15547967,51.3856564381667
"2241",7709860,25.0618783827608
"2242",7712492,25.0618783827608
"2243",7712818,5.58298887773535
"2244",7712334,5.58298887773535
"2245",7713102,9.58467000620159
"2246",7713584,7.92865500305677
"2247",7712278,7.92865500305677
"2248",7712190,9.58467000620159
"2249",7713726,5.58298887773535
"2250",7712646,9.58467000620159
"2251",7712320,7.92865500305677
"2252",7711944,9.58467000620159
"2253",7712818,5.58298887773535
"2254",7712768,7.92865500305677
"2255",7712426,7.92865500305677
"2256",7712040,25.0618783827608
"2257",7710206,9.58467000620159
"2258",7712598,7.92865500305677
"2259",7713582,25.0618783827608
"2260",7712336,5.58298887773535
"2261",7713726,5.58298887773535
"2262",7712620,25.0618783827608
"2263",7712140,7.92865500305677
"2264",7712190,9.58467000620159
"2265",7712976,25.0618783827608
"2266",7712660,5.58298887773535
"2267",7712332,25.0618783827608
"2268",7711984,25.0618783827608
"2269",7712902,9.58467000620159
"2270",7712738,9.58467000620159
"2271",7712348,25.0618783827608
"2272",7711996,9.58467000620159
"2273",7709768,25.0618783827608
"2274",7713588,25.0618783827608
"2275",7712608,7.92865500305677
"2276",7712180,9.58467000620159
"2277",7713740,9.58467000620159
"2278",7713690,5.58298887773535
"2279",7712140,7.92865500305677
"2280",7712300,5.58298887773535
"2281",7713718,5.58298887773535
"2282",7712616,25.0618783827608
"2283",7712432,9.58467000620159
"2284",7711896,25.0618783827608
"2285",7712828,25.0618783827608
"2286",7712768,7.92865500305677
"2287",7712300,5.58298887773535
"2288",7713516,25.0618783827608
"2289",7709860,25.0618783827608
"2290",7712510,9.58467000620159
"2291",7712232,7.92865500305677
"2292",7712202,5.58298887773535
"2293",7713718,5.58298887773535
"2294",7712680,9.58467000620159
"2295",7712408,7.92865500305677
"2296",7713500,5.58298887773535
"2297",7713718,5.58298887773535
"2298",7712650,7.92865500305677
"2299",7712390,7.92865500305677
"2300",7713500,5.58298887773535
"2301",7713690,5.58298887773535
"2302",7712768,7.92865500305677
"2303",7712334,5.58298887773535
"2304",7712168,25.0618783827608
"2305",7712650,7.92865500305677
"2306",7711944,9.58467000620159
"2307",7713740,9.58467000620159
"2308",7712380,25.0618783827608
"2309",7713582,25.0618783827608
"2310",7712336,5.58298887773535
"2311",7712868,9.58467000620159
"2312",7712326,7.92865500305677
"2313",7712868,9.58467000620159
"2314",7712006,5.58298887773535
"2315",7709860,25.0618783827608
"2316",7712622,25.0618783827608
"2317",7712704,7.92865500305677
"2318",7712180,9.58467000620159
"2319",7713690,5.58298887773535
"2320",7712336,5.58298887773535
"2321",7712506,7.92865500305677
"2322",7712238,25.0618783827608
"2323",7713718,5.58298887773535
"2324",7712406,7.92865500305677
"2325",7712768,7.92865500305677
"2326",7712006,5.58298887773535
"2327",7713072,25.0618783827608
"2328",7712284,5.58298887773535
"2329",7712818,5.58298887773535
"2330",7712168,25.0618783827608
"2331",10312448,76.944556669663
"2332",9528147,42.1512521444188
"2333",9528359,190.760950384911
"2334",9528395,26.58188485447
"2335",10312472,76.944556669663
"2336",9521227,190.760950384911
"2337",10312270,190.760950384911
"2338",9521109,190.760950384911
"2339",9524633,76.944556669663
"2340",9528425,42.1512521444188
"2341",9528335,42.1512521444188
"2342",9521123,42.1512521444188
"2343",9524331,26.58188485447
"2344",9528211,190.760950384911
"2345",9528429,42.1512521444188
"2346",9521361,190.760950384911
"2347",10313434,42.1512521444188
"2348",9528311,76.944556669663
"2349",10311318,76.944556669663
"2350",9528411,26.58188485447
"2351",10312692,26.58188485447
"2352",9521273,26.58188485447
"2353",9528451,26.58188485447
"2354",9521323,42.1512521444188
"2355",9524341,76.944556669663
"2356",9521251,76.944556669663
"2357",9528345,42.1512521444188
"2358",9521191,190.760950384911
"2359",9527939,190.760950384911
"2360",9528355,190.760950384911
"2361",9527327,26.58188485447
"2362",9521453,26.58188485447
"2363",10313456,76.944556669663
"2364",9528025,190.760950384911
"2365",10312314,190.760950384911
"2366",10313568,190.760950384911
"2367",10312552,42.1512521444188
"2368",9521281,76.944556669663
"2369",9528325,190.760950384911
"2370",9521089,190.760950384911
"2371",9524333,190.760950384911
"2372",9522231,42.1512521444188
"2373",9528293,76.944556669663
"2374",9521197,190.760950384911
"2375",9528595,42.1512521444188
"2376",9528337,42.1512521444188
"2377",9527431,26.58188485447
"2378",9521459,26.58188485447
"2379",10313576,190.760950384911
"2380",9521471,26.58188485447
"2381",10312618,76.944556669663
"2382",10312486,190.760950384911
"2383",10312696,190.760950384911
"2384",9521515,26.58188485447
"2385",9528317,190.760950384911
"2386",9521375,26.58188485447
"2387",9524637,26.58188485447
"2388",9524661,190.760950384911
"2389",9528305,42.1512521444188
"2390",9521329,76.944556669663
"2391",9527961,190.760950384911
"2392",9529647,76.944556669663
"2393",9527341,190.760950384911
"2394",9521373,26.58188485447
"2395",9527389,190.760950384911
"2396",9521209,190.760950384911
"2397",9524321,42.1512521444188
"2398",9528297,190.760950384911
"2399",9528091,76.944556669663
"2400",9527907,76.944556669663
"2401",9524637,26.58188485447
"2402",9528597,26.58188485447
"2403",9529633,76.944556669663
"2404",9521205,76.944556669663
"2405",10313426,190.760950384911
"2406",10312604,76.944556669663
"2407",9521467,26.58188485447
"2408",9521387,26.58188485447
"2409",9528287,42.1512521444188
"2410",9527301,190.760950384911
"2411",9521245,26.58188485447
"2412",10313430,42.1512521444188
"2413",10313406,42.1512521444188
"2414",9528321,42.1512521444188
"2415",9524523,76.944556669663
"2416",9521341,76.944556669663
"2417",10312674,42.1512521444188
"2418",10311368,190.760950384911
"2419",9528361,76.944556669663
"2420",9521325,26.58188485447
"2421",21632203,210.641302208062
"2422",15558109,472.209979478482
"2423",21621879,210.641302208062
"2424",15505220,70.323224805304
"2425",21634309,472.209979478482
"2426",15561073,103.043560788405
"2427",21623897,103.043560788405
"2428",15559951,103.043560788405
"2429",21632999,210.641302208062
"2430",21633885,103.043560788405
"2431",21625683,210.641302208062
"2432",15560619,210.641302208062
"2433",15559945,472.209979478482
"2434",21622045,103.043560788405
"2435",21625649,210.641302208062
"2436",15560047,472.209979478482
"2437",21632183,472.209979478482
"2438",15558657,70.323224805304
"2439",21621813,472.209979478482
"2440",15506514,103.043560788405
"2441",21633839,472.209979478482
"2442",21634313,472.209979478482
"2443",21623951,70.323224805304
"2444",15559439,70.323224805304
"2445",15558233,103.043560788405
"2446",21621767,103.043560788405
"2447",21624263,70.323224805304
"2448",15560787,472.209979478482
"2449",15560965,210.641302208062
"2450",21622117,210.641302208062
"2451",21622449,210.641302208062
"2452",15559553,103.043560788405
"2453",21631873,472.209979478482
"2454",15560805,103.043560788405
"2455",21623227,70.323224805304
"2456",15505102,70.323224805304
"2457",21633053,472.209979478482
"2458",21633645,472.209979478482
"2459",21622431,472.209979478482
"2460",15559549,210.641302208062
"2461",15558309,472.209979478482
"2462",21622155,210.641302208062
"2463",21625537,472.209979478482
"2464",15560269,70.323224805304
"2465",15558161,103.043560788405
"2466",21621925,472.209979478482
"2467",15505094,472.209979478482
"2468",15559995,103.043560788405
"2469",21631939,210.641302208062
"2470",15561125,472.209979478482
"2471",21623913,472.209979478482
"2472",21631605,472.209979478482
"2473",21632863,472.209979478482
"2474",27809865,70.323224805304
"2475",21622375,472.209979478482
"2476",15560985,472.209979478482
"2477",15558205,70.323224805304
"2478",21622165,472.209979478482
"2479",21624097,70.323224805304
"2480",15560667,472.209979478482
"2481",15558297,472.209979478482
"2482",21623547,472.209979478482
"2483",21622587,210.641302208062
"2484",15560943,210.641302208062
"2485",21621897,210.641302208062
"2486",15559951,103.043560788405
"2487",15559459,210.641302208062
"2488",21623687,210.641302208062
"2489",15558595,103.043560788405
"2490",15504888,210.641302208062
"2491",15558425,210.641302208062
"2492",21625501,210.641302208062
"2493",21623459,210.641302208062
"2494",15560295,103.043560788405
"2495",21631839,472.209979478482
"2496",21623171,70.323224805304
"2497",21633431,103.043560788405
"2498",15559643,210.641302208062
"2499",15558179,210.641302208062
"2500",15505072,103.043560788405
"2501",15560773,472.209979478482
"2502",21631675,103.043560788405
"2503",21633239,210.641302208062
"2504",21625643,70.323224805304
"2505",21621989,472.209979478482
"2506",15560549,472.209979478482
"2507",21633191,103.043560788405
"2508",21623939,70.323224805304
"2509",21621725,103.043560788405
"2510",15560561,472.209979478482
"2511",6186848,495.882965831612
"2512",6189292,87.0800152985541
"2513",6201806,210.756058784869
"2514",6217664,495.882965831612
"2515",6188926,210.756058784869
"2516",6189080,87.0800152985541
"2517",6200268,495.882965831612
"2518",6203296,87.0800152985541
"2519",6186844,495.882965831612
"2520",6189658,210.756058784869
"2521",6212182,87.0800152985541
"2522",6199784,210.756058784869
"2523",6188486,87.0800152985541
"2524",6199828,495.882965831612
"2525",6212568,495.882965831612
"2526",6228372,110.590914323561
"2527",900670001,87.0800152985541
"2528",6189264,495.882965831612
"2529",6200282,87.0800152985541
"2530",6230336,110.590914323561
"2531",6186102,87.0800152985541
"2532",6188274,87.0800152985541
"2533",6217730,210.756058784869
"2534",6202996,110.590914323561
"2535",6187006,495.882965831612
"2536",6191712,495.882965831612
"2537",6212224,110.590914323561
"2538",6227202,495.882965831612
"2539",6189534,210.756058784869
"2540",6200432,87.0800152985541
"2541",6211910,110.590914323561
"2542",6227660,210.756058784869
"2543",6186104,495.882965831612
"2544",6188594,495.882965831612
"2545",6199966,495.882965831612
"2546",6201874,110.590914323561
"2547",6185846,87.0800152985541
"2548",6188254,495.882965831612
"2549",6213094,210.756058784869
"2550",6203300,110.590914323561
"2551",6189556,110.590914323561
"2552",6189672,210.756058784869
"2553",6212438,495.882965831612
"2554",6212522,210.756058784869
"2555",6188732,210.756058784869
"2556",6199812,210.756058784869
"2557",6211818,210.756058784869
"2558",6227578,110.590914323561
"2559",6188122,110.590914323561
"2560",6188668,210.756058784869
"2561",6200104,210.756058784869
"2562",6202366,87.0800152985541
"2563",6186102,87.0800152985541
"2564",6188444,210.756058784869
"2565",6227256,110.590914323561
"2566",6202730,495.882965831612
"2567",6188386,210.756058784869
"2568",6200258,495.882965831612
"2569",6199796,495.882965831612
"2570",6224404,210.756058784869
"2571",6211590,110.590914323561
"2572",6191738,110.590914323561
"2573",6227750,210.756058784869
"2574",6189014,210.756058784869
"2575",6189748,495.882965831612
"2576",6227036,495.882965831612
"2577",6189552,110.590914323561
"2578",6212050,87.0800152985541
"2579",6188692,495.882965831612
"2580",6203264,495.882965831612
"2581",6185820,210.756058784869
"2582",6211594,210.756058784869
"2583",6191784,110.590914323561
"2584",6228280,87.0800152985541
"2585",6186116,210.756058784869
"2586",6200112,110.590914323561
"2587",6188968,87.0800152985541
"2588",6202452,495.882965831612
"2589",6211582,210.756058784869
"2590",6212484,210.756058784869
"2591",6188402,210.756058784869
"2592",6201780,495.882965831612
"2593",6186776,210.756058784869
"2594",6219794,110.590914323561
"2595",6200230,210.756058784869
"2596",6227048,87.0800152985541
"2597",6186156,87.0800152985541
"2598",6217204,495.882965831612
"2599",6217184,110.590914323561
"2600",6186006,210.756058784869
"2601",3246154,84.1072006164194
"2602",3247580,180.397655949187
"2603",22742675,485.157931176744
"2604",22743417,180.397655949187
"2605",3246128,485.157931176744
"2606",22744315,84.1072006164194
"2607",22742313,85.8831280816473
"2608",22745075,84.1072006164194
"2609",22744719,180.397655949187
"2610",22739523,84.1072006164194
"2611",22746439,85.8831280816473
"2612",22745373,85.8831280816473
"2613",22744831,485.157931176744
"2614",22740083,180.397655949187
"2615",22743247,180.397655949187
"2616",22744741,85.8831280816473
"2617",3246950,85.8831280816473
"2618",3247550,485.157931176744
"2619",22742619,485.157931176744
"2620",22743297,180.397655949187
"2621",22744897,85.8831280816473
"2622",22744329,84.1072006164194
"2623",22743627,485.157931176744
"2624",22740783,85.8831280816473
"2625",22740649,485.157931176744
"2626",22740991,85.8831280816473
"2627",22746401,85.8831280816473
"2628",22745487,85.8831280816473
"2629",3246692,85.8831280816473
"2630",22740009,180.397655949187
"2631",22743671,180.397655949187
"2632",22740563,180.397655949187
"2633",3247064,84.1072006164194
"2634",3246648,180.397655949187
"2635",22741283,84.1072006164194
"2636",22743477,85.8831280816473
"2637",22744977,85.8831280816473
"2638",22740369,85.8831280816473
"2639",22738177,85.8831280816473
"2640",22744581,84.1072006164194
"2641",22745301,85.8831280816473
"2642",22741093,180.397655949187
"2643",22742855,85.8831280816473
"2644",3245958,84.1072006164194
"2645",3246670,180.397655949187
"2646",22739661,180.397655949187
"2647",22751879,84.1072006164194
"2648",22744727,180.397655949187
"2649",3246096,84.1072006164194
"2650",3246710,485.157931176744
"2651",22742211,485.157931176744
"2652",22743863,84.1072006164194
"2653",22746151,85.8831280816473
"2654",22739989,85.8831280816473
"2655",22743599,180.397655949187
"2656",22745171,485.157931176744
"2657",22746035,84.1072006164194
"2658",22739993,85.8831280816473
"2659",25123832,84.1072006164194
"2660",22740375,485.157931176744
"2661",3246702,85.8831280816473
"2662",22740225,180.397655949187
"2663",22743023,485.157931176744
"2664",22741641,85.8831280816473
"2665",22739407,485.157931176744
"2666",22745401,85.8831280816473
"2667",3246540,84.1072006164194
"2668",22743199,180.397655949187
"2669",3246362,84.1072006164194
"2670",22743305,485.157931176744
"2671",22744999,180.397655949187
"2672",22746437,85.8831280816473
"2673",22739993,85.8831280816473
"2674",22740399,84.1072006164194
"2675",22745643,180.397655949187
"2676",22742443,84.1072006164194
"2677",22740315,485.157931176744
"2678",22740873,180.397655949187
"2679",3246948,485.157931176744
"2680",22743625,485.157931176744
"2681",22744217,180.397655949187
"2682",22744591,180.397655949187
"2683",22745979,84.1072006164194
"2684",22746341,85.8831280816473
"2685",22739779,180.397655949187
"2686",22740469,485.157931176744
"2687",3246884,180.397655949187
"2688",22742281,180.397655949187
"2689",22743763,84.1072006164194
"2690",3246040,84.1072006164194
"2691",15567067,349.098160563317
"2692",15568147,349.098160563317
"2693",15569767,349.098160563317
"2694",15582287,72.4686630496537
"2695",15567303,76.0460015421734
"2696",15581595,76.0460015421734
"2697",15569069,76.0460015421734
"2698",15575997,122.509691934728
"2699",15567569,122.509691934728
"2700",15569303,349.098160563317
"2701",15575523,122.509691934728
"2702",15582243,349.098160563317
"2703",15567753,122.509691934728
"2704",15575437,349.098160563317
"2705",15575337,349.098160563317
"2706",9840078,349.098160563317
"2707",15567411,76.0460015421734
"2708",15581189,349.098160563317
"2709",15574827,122.509691934728
"2710",15576193,122.509691934728
"2711",15567969,122.509691934728
"2712",15581659,349.098160563317
"2713",15574659,122.509691934728
"2714",15576051,72.4686630496537
"2715",15567755,76.0460015421734
"2716",15581171,349.098160563317
"2717",15576327,72.4686630496537
"2718",15582521,76.0460015421734
"2719",15568899,349.098160563317
"2720",15575877,122.509691934728
"2721",15575467,349.098160563317
"2722",9840060,349.098160563317
"2723",15567933,76.0460015421734
"2724",15576423,72.4686630496537
"2725",15574971,76.0460015421734
"2726",15576429,349.098160563317
"2727",15567359,76.0460015421734
"2728",15569341,122.509691934728
"2729",15576281,76.0460015421734
"2730",15576197,349.098160563317
"2731",15569167,76.0460015421734
"2732",15569615,72.4686630496537
"2733",15575243,122.509691934728
"2734",15582595,349.098160563317
"2735",15567617,76.0460015421734
"2736",15575579,349.098160563317
"2737",15582495,72.4686630496537
"2738",9840170,122.509691934728
"2739",15567589,122.509691934728
"2740",15581287,122.509691934728
"2741",15574869,349.098160563317
"2742",15581681,76.0460015421734
"2743",15567273,72.4686630496537
"2744",15574997,72.4686630496537
"2745",15574875,76.0460015421734
"2746",15581857,349.098160563317
"2747",15567951,349.098160563317
"2748",15569607,76.0460015421734
"2749",15575137,76.0460015421734
"2750",15576703,122.509691934728
"2751",15567283,349.098160563317
"2752",15569329,349.098160563317
"2753",15582309,76.0460015421734
"2754",9840282,122.509691934728
"2755",15574859,349.098160563317
"2756",15582435,76.0460015421734
"2757",15568963,122.509691934728
"2758",15575199,122.509691934728
"2759",15582135,349.098160563317
"2760",15581293,349.098160563317
"2761",15568995,122.509691934728
"2762",15575453,76.0460015421734
"2763",15576347,122.509691934728
"2764",9840050,122.509691934728
"2765",15567933,76.0460015421734
"2766",15575065,76.0460015421734
"2767",15574913,72.4686630496537
"2768",15582219,72.4686630496537
"2769",15567665,349.098160563317
"2770",15582183,76.0460015421734
"2771",15581315,349.098160563317
"2772",15576051,72.4686630496537
"2773",15567195,122.509691934728
"2774",15575391,122.509691934728
"2775",15575233,349.098160563317
"2776",15581865,76.0460015421734
"2777",15567729,349.098160563317
"2778",15569107,76.0460015421734
"2779",15569347,122.509691934728
"2780",9840104,72.4686630496537
"2781",21981601,773.527091338383
"2782",21977527,773.527091338383
"2783",21979101,773.527091338383
"2784",21972778,110.170549274798
"2785",21981461,259.225130094749
"2786",21974585,259.225130094749
"2787",21983441,773.527091338383
"2788",22022956,135.425219504655
"2789",21976017,110.170549274798
"2790",21978031,259.225130094749
"2791",21977559,135.425219504655
"2792",22023468,135.425219504655
"2793",21979267,773.527091338383
"2794",21982967,135.425219504655
"2795",21972776,110.170549274798
"2796",22024872,110.170549274798
"2797",21982215,259.225130094749
"2798",21978133,259.225130094749
"2799",21978563,773.527091338383
"2800",30821241,773.527091338383
"2801",21981225,135.425219504655
"2802",21975329,110.170549274798
"2803",22026472,135.425219504655
"2804",22026044,773.527091338383
"2805",21981603,773.527091338383
"2806",21979307,773.527091338383
"2807",22027256,773.527091338383
"2808",22023204,773.527091338383
"2809",21981131,773.527091338383
"2810",21984069,135.425219504655
"2811",22025552,773.527091338383
"2812",22023542,773.527091338383
"2813",21981955,773.527091338383
"2814",21977047,110.170549274798
"2815",21983721,259.225130094749
"2816",22022878,110.170549274798
"2817",21975947,110.170549274798
"2818",21976969,773.527091338383
"2819",22026660,773.527091338383
"2820",22026136,259.225130094749
"2821",21981285,259.225130094749
"2822",21974575,259.225130094749
"2823",21978721,773.527091338383
"2824",22023302,110.170549274798
"2825",21976033,110.170549274798
"2826",21978999,259.225130094749
"2827",21975131,110.170549274798
"2828",22024086,135.425219504655
"2829",21982015,773.527091338383
"2830",21974323,110.170549274798
"2831",21983965,259.225130094749
"2832",22022074,259.225130094749
"2833",21976253,135.425219504655
"2834",21977941,259.225130094749
"2835",22026528,773.527091338383
"2836",22025744,135.425219504655
"2837",21981591,135.425219504655
"2838",21977005,259.225130094749
"2839",21983465,773.527091338383
"2840",22024538,135.425219504655
"2841",21979849,110.170549274798
"2842",21979073,135.425219504655
"2843",21975049,110.170549274798
"2844",22023942,259.225130094749
"2845",21977535,773.527091338383
"2846",22025024,135.425219504655
"2847",21976309,110.170549274798
"2848",22026200,110.170549274798
"2849",21977335,135.425219504655
"2850",22022076,135.425219504655
"2851",21981271,773.527091338383
"2852",21979557,110.170549274798
"2853",21984037,773.527091338383
"2854",22024116,135.425219504655
"2855",21981843,773.527091338383
"2856",21983421,110.170549274798
"2857",21978261,259.225130094749
"2858",22025026,773.527091338383
"2859",21974409,135.425219504655
"2860",21972440,773.527091338383
"2861",21974349,135.425219504655
"2862",22023260,135.425219504655
"2863",21976015,110.170549274798
"2864",21977143,110.170549274798
"2865",21979019,773.527091338383
"2866",22022986,135.425219504655
"2867",21981105,259.225130094749
"2868",21983537,135.425219504655
"2869",21978203,135.425219504655
"2870",22024636,259.225130094749
"2871",6245252,9.85621298711299
"2872",6246292,2.74545637866051
"2873",6246308,9.85621298711299
"2874",6244242,9.85621298711299
"2875",6245212,4.01198403389253
"2876",6230228,25.5715044174608
"2877",6245602,2.74545637866051
"2878",6244252,4.01198403389253
"2879",6245344,2.74545637866051
"2880",6245438,2.74545637866051
"2881",6245494,4.01198403389253
"2882",6245588,9.85621298711299
"2883",6245302,2.74545637866051
"2884",6245384,2.74545637866051
"2885",6245604,4.01198403389253
"2886",6244366,9.85621298711299
"2887",6245210,4.01198403389253
"2888",6246292,2.74545637866051
"2889",6245428,25.5715044174608
"2890",6244252,4.01198403389253
"2891",6245222,25.5715044174608
"2892",6245340,25.5715044174608
"2893",6245456,9.85621298711299
"2894",6245504,25.5715044174608
"2895",6245314,4.01198403389253
"2896",6246310,9.85621298711299
"2897",6245496,25.5715044174608
"2898",6245892,9.85621298711299
"2899",6245294,25.5715044174608
"2900",6245334,25.5715044174608
"2901",6245694,25.5715044174608
"2902",6245916,25.5715044174608
"2903",6245188,25.5715044174608
"2904",6245270,4.01198403389253
"2905",6246308,9.85621298711299
"2906",6244474,4.01198403389253
"2907",6245224,4.01198403389253
"2908",6245298,25.5715044174608
"2909",6245534,4.01198403389253
"2910",6244320,9.85621298711299
"2911",6245344,2.74545637866051
"2912",6245414,25.5715044174608
"2913",6245378,9.85621298711299
"2914",6245892,9.85621298711299
"2915",6245312,9.85621298711299
"2916",6245384,2.74545637866051
"2917",6245398,25.5715044174608
"2918",6244334,4.01198403389253
"2919",6245264,4.01198403389253
"2920",6245280,2.74545637866051
"2921",6245602,2.74545637866051
"2922",6244258,9.85621298711299
"2923",6245232,9.85621298711299
"2924",6246306,9.85621298711299
"2925",6245500,4.01198403389253
"2926",6245476,25.5715044174608
"2927",6246292,2.74545637866051
"2928",6245342,25.5715044174608
"2929",6245366,9.85621298711299
"2930",6244376,25.5715044174608
"2931",6246292,2.74545637866051
"2932",6245396,2.74545637866051
"2933",6244252,4.01198403389253
"2934",6244334,4.01198403389253
"2935",6245448,2.74545637866051
"2936",6245578,25.5715044174608
"2937",6245294,25.5715044174608
"2938",6245602,2.74545637866051
"2939",6245268,4.01198403389253
"2940",6244474,4.01198403389253
"2941",6245344,2.74545637866051
"2942",6245492,25.5715044174608
"2943",6245388,25.5715044174608
"2944",6244314,9.85621298711299
"2945",6245270,4.01198403389253
"2946",6245480,4.01198403389253
"2947",6245448,2.74545637866051
"2948",6245418,9.85621298711299
"2949",6246296,25.5715044174608
"2950",6245390,25.5715044174608
"2951",6245270,4.01198403389253
"2952",6244280,9.85621298711299
"2953",6245214,25.5715044174608
"2954",6245480,4.01198403389253
"2955",6245370,25.5715044174608
"2956",6244370,4.01198403389253
"2957",6245210,4.01198403389253
"2958",6245602,2.74545637866051
"2959",6246306,9.85621298711299
"2960",6244336,25.5715044174608
"2961",15502621,723.190279986948
"2962",15450218,161.884016052489
"2963",15476951,161.884016052489
"2964",15458582,161.884016052489
"2965",15484455,161.884016052489
"2966",15449186,272.355268542967
"2967",15475965,272.355268542967
"2968",15466975,161.884016052489
"2969",15483007,177.795144745213
"2970",15449328,272.355268542967
"2971",15456696,272.355268542967
"2972",15469115,723.190279986948
"2973",15502907,161.884016052489
"2974",15454878,177.795144745213
"2975",15492624,723.190279986948
"2976",15491770,177.795144745213
"2977",15484595,177.795144745213
"2978",15449508,272.355268542967
"2979",15466589,272.355268542967
"2980",15458576,723.190279986948
"2981",15484449,177.795144745213
"2982",15452090,272.355268542967
"2983",15476289,177.795144745213
"2984",15467283,272.355268542967
"2985",15491080,723.190279986948
"2986",15465151,177.795144745213
"2987",15464625,177.795144745213
"2988",15495400,161.884016052489
"2989",25371879,161.884016052489
"2990",15454934,177.795144745213
"2991",15478639,272.355268542967
"2992",15492148,723.190279986948
"2993",15487125,272.355268542967
"2994",15450280,177.795144745213
"2995",15477027,723.190279986948
"2996",15458190,723.190279986948
"2997",15491388,161.884016052489
"2998",15448824,723.190279986948
"2999",15465621,723.190279986948
"3000",15477185,272.355268542967
"3001",15489198,272.355268542967
"3002",15476209,177.795144745213
"3003",15478925,161.884016052489
"3004",15485101,272.355268542967
"3005",15455566,177.795144745213
"3006",15456914,177.795144745213
"3007",15467649,177.795144745213
"3008",15492080,723.190279986948
"3009",25293330,177.795144745213
"3010",15449820,161.884016052489
"3011",15475945,177.795144745213
"3012",15477325,161.884016052489
"3013",15485001,177.795144745213
"3014",15448798,161.884016052489
"3015",15465033,272.355268542967
"3016",15467449,723.190279986948
"3017",25293180,177.795144745213
"3018",15465079,177.795144745213
"3019",15489042,723.190279986948
"3020",15491892,723.190279986948
"3021",15449582,723.190279986948
"3022",15455110,161.884016052489
"3023",15455720,272.355268542967
"3024",15491826,177.795144745213
"3025",15502895,272.355268542967
"3026",15492828,723.190279986948
"3027",25516064,161.884016052489
"3028",15478653,272.355268542967
"3029",15449464,723.190279986948
"3030",15449854,723.190279986948
"3031",15492878,177.795144745213
"3032",15478777,161.884016052489
"3033",15454906,723.190279986948
"3034",15492280,723.190279986948
"3035",15484983,272.355268542967
"3036",15477285,161.884016052489
"3037",15449004,177.795144745213
"3038",15467085,177.795144745213
"3039",15450304,272.355268542967
"3040",15457038,161.884016052489
"3041",15448990,272.355268542967
"3042",15466741,272.355268542967
"3043",15484969,161.884016052489
"3044",15475413,272.355268542967
"3045",15456410,723.190279986948
"3046",15491724,161.884016052489
"3047",15484255,272.355268542967
"3048",15476253,177.795144745213
"3049",15456498,723.190279986948
"3050",15490006,161.884016052489
"3051",8084017,625.26873592034
"3052",8086609,625.26873592034
"3053",9419803,625.26873592034
"3054",9423569,122.013245403515
"3055",8086987,239.669815412414
"3056",8088159,115.842320981414
"3057",8085001,122.013245403515
"3058",8101187,239.669815412414
"3059",9420473,239.669815412414
"3060",8087013,239.669815412414
"3061",8102811,625.26873592034
"3062",9422361,122.013245403515
"3063",9422655,239.669815412414
"3064",8083681,625.26873592034
"3065",8101653,115.842320981414
"3066",9422075,122.013245403515
"3067",8084229,625.26873592034
"3068",8085311,122.013245403515
"3069",9419957,239.669815412414
"3070",8099951,239.669815412414
"3071",8085385,625.26873592034
"3072",8088137,115.842320981414
"3073",8103067,115.842320981414
"3074",9424523,239.669815412414
"3075",9420109,239.669815412414
"3076",8087979,115.842320981414
"3077",8100825,625.26873592034
"3078",9422701,239.669815412414
"3079",9422795,239.669815412414
"3080",8083585,625.26873592034
"3081",8101085,122.013245403515
"3082",9422145,239.669815412414
"3083",8085973,122.013245403515
"3084",8085553,122.013245403515
"3085",9419701,239.669815412414
"3086",8102505,239.669815412414
"3087",8085959,115.842320981414
"3088",8087161,122.013245403515
"3089",8101449,115.842320981414
"3090",8101217,115.842320981414
"3091",9420207,115.842320981414
"3092",9421801,239.669815412414
"3093",8101911,122.013245403515
"3094",9424453,625.26873592034
"3095",8086469,122.013245403515
"3096",8083659,115.842320981414
"3097",8101345,625.26873592034
"3098",9420147,115.842320981414
"3099",8086601,625.26873592034
"3100",8085817,115.842320981414
"3101",8085769,122.013245403515
"3102",8101735,625.26873592034
"3103",8083919,239.669815412414
"3104",9423311,239.669815412414
"3105",8102097,115.842320981414
"3106",9421973,239.669815412414
"3107",9423065,122.013245403515
"3108",9419653,625.26873592034
"3109",8101371,239.669815412414
"3110",9422967,625.26873592034
"3111",8087023,122.013245403515
"3112",8083615,122.013245403515
"3113",9423371,625.26873592034
"3114",9420133,122.013245403515
"3115",9423617,625.26873592034
"3116",9420523,625.26873592034
"3117",9423709,625.26873592034
"3118",8102463,239.669815412414
"3119",8085255,115.842320981414
"3120",8102993,115.842320981414
"3121",9421001,115.842320981414
"3122",8102205,122.013245403515
"3123",8083417,625.26873592034
"3124",9420505,122.013245403515
"3125",8086503,625.26873592034
"3126",8085235,122.013245403515
"3127",8087713,625.26873592034
"3128",9422345,122.013245403515
"3129",8086711,239.669815412414
"3130",9424565,625.26873592034
"3131",8087551,625.26873592034
"3132",8100779,625.26873592034
"3133",9420479,122.013245403515
"3134",8102747,625.26873592034
"3135",8083787,239.669815412414
"3136",9424351,115.842320981414
"3137",8086375,239.669815412414
"3138",8085053,625.26873592034
"3139",8085727,239.669815412414
"3140",9420995,122.013245403515
"3141",22305911,352.458888345227
"3142",22295946,135.614989966005
"3143",22290465,82.9591317899174
"3144",22294818,82.9591317899174
"3145",22304473,352.458888345227
"3146",22296416,59.2168677648796
"3147",22290311,352.458888345227
"3148",22304399,352.458888345227
"3149",22306287,59.2168677648796
"3150",22296076,59.2168677648796
"3151",22288275,135.614989966005
"3152",22302897,352.458888345227
"3153",22294110,135.614989966005
"3154",22306307,59.2168677648796
"3155",22287947,352.458888345227
"3156",22306259,135.614989966005
"3157",22304893,82.9591317899174
"3158",22296000,135.614989966005
"3159",22290187,59.2168677648796
"3160",22288371,82.9591317899174
"3161",22306015,352.458888345227
"3162",22296148,352.458888345227
"3163",22289917,352.458888345227
"3164",22307055,82.9591317899174
"3165",22306575,59.2168677648796
"3166",22296816,352.458888345227
"3167",22289879,59.2168677648796
"3168",22305567,59.2168677648796
"3169",22296808,59.2168677648796
"3170",22296670,59.2168677648796
"3171",22287987,352.458888345227
"3172",22305531,352.458888345227
"3173",22304893,82.9591317899174
"3174",22296910,352.458888345227
"3175",22290349,82.9591317899174
"3176",22288229,135.614989966005
"3177",22295710,352.458888345227
"3178",22296330,59.2168677648796
"3179",22290045,59.2168677648796
"3180",22304479,352.458888345227
"3181",22294418,352.458888345227
"3182",22296954,352.458888345227
"3183",22288063,352.458888345227
"3184",22304543,352.458888345227
"3185",22294428,135.614989966005
"3186",22290047,82.9591317899174
"3187",22288255,352.458888345227
"3188",22304219,352.458888345227
"3189",22304301,59.2168677648796
"3190",22296920,352.458888345227
"3191",22289907,352.458888345227
"3192",22304327,352.458888345227
"3193",22305839,135.614989966005
"3194",22295842,135.614989966005
"3195",22287971,59.2168677648796
"3196",22303277,352.458888345227
"3197",22306049,59.2168677648796
"3198",22306349,59.2168677648796
"3199",22288067,135.614989966005
"3200",22305457,59.2168677648796
"3201",22295900,82.9591317899174
"3202",22289897,59.2168677648796
"3203",22307163,352.458888345227
"3204",22304129,59.2168677648796
"3205",22296048,352.458888345227
"3206",22302939,352.458888345227
"3207",22294158,59.2168677648796
"3208",22288327,82.9591317899174
"3209",22296098,135.614989966005
"3210",22288379,82.9591317899174
"3211",22306509,82.9591317899174
"3212",22288035,82.9591317899174
"3213",22296948,59.2168677648796
"3214",22304087,59.2168677648796
"3215",22305637,352.458888345227
"3216",22290565,82.9591317899174
"3217",22296448,352.458888345227
"3218",22307169,82.9591317899174
"3219",22296870,59.2168677648796
"3220",22288479,82.9591317899174
"3221",22296628,352.458888345227
"3222",22304391,135.614989966005
"3223",22305779,59.2168677648796
"3224",22288225,135.614989966005
"3225",22306343,352.458888345227
"3226",22305433,59.2168677648796
"3227",22294270,352.458888345227
"3228",22289979,352.458888345227
"3229",22290093,352.458888345227
"3230",22304199,352.458888345227
